#ifndef _BINARYTTF_H_
#define _BINARYTTF_H_

const unsigned char FreeSans_utf8[24536] = { 
0x00, 0x01, 0x00, 0x00, 0x00, 0x0D, 0x00, 0x80, 0x00, 0x03, 
0x00, 0x50, 0x47, 0x44, 0x45, 0x46, 0x0F, 0xE9, 0x10, 0xAF, 
0x00, 0x00, 0x5C, 0xBC, 0x00, 0x00, 0x00, 0xA6, 0x47, 0x50, 
0x4F, 0x53, 0x44, 0x76, 0x4C, 0x75, 0x00, 0x00, 0x5D, 0x64, 
0x00, 0x00, 0x00, 0x20, 0x47, 0x53, 0x55, 0x42, 0x54, 0xC9, 
0x4E, 0x8C, 0x00, 0x00, 0x5D, 0x84, 0x00, 0x00, 0x02, 0x54, 
0x4F, 0x53, 0x2F, 0x32, 0x6D, 0x4D, 0x04, 0x88, 0x00, 0x00, 
0x01, 0x58, 0x00, 0x00, 0x00, 0x60, 0x63, 0x6D, 0x61, 0x70, 
0xCE, 0xA8, 0xE2, 0x03, 0x00, 0x00, 0x05, 0x6C, 0x00, 0x00, 
0x01, 0xAC, 0x67, 0x6C, 0x79, 0x66, 0xFB, 0x2E, 0xA4, 0x36, 
0x00, 0x00, 0x08, 0xF4, 0x00, 0x00, 0x4F, 0xBA, 0x68, 0x65, 
0x61, 0x64, 0x18, 0xC8, 0xE7, 0x51, 0x00, 0x00, 0x00, 0xDC, 
0x00, 0x00, 0x00, 0x36, 0x68, 0x68, 0x65, 0x61, 0x07, 0xB6, 
0x04, 0x07, 0x00, 0x00, 0x01, 0x14, 0x00, 0x00, 0x00, 0x24, 
0x68, 0x6D, 0x74, 0x78, 0xFC, 0x57, 0x2A, 0x9D, 0x00, 0x00, 
0x01, 0xB8, 0x00, 0x00, 0x03, 0xB4, 0x6C, 0x6F, 0x63, 0x61, 
0x65, 0x89, 0x79, 0xB0, 0x00, 0x00, 0x07, 0x18, 0x00, 0x00, 
0x01, 0xDC, 0x6D, 0x61, 0x78, 0x70, 0x00, 0xF5, 0x00, 0x5A, 
0x00, 0x00, 0x01, 0x38, 0x00, 0x00, 0x00, 0x20, 0x6E, 0x61, 
0x6D, 0x65, 0x17, 0xFC, 0x31, 0xE7, 0x00, 0x00, 0x58, 0xB0, 
0x00, 0x00, 0x01, 0x6A, 0x70, 0x6F, 0x73, 0x74, 0x45, 0xE9, 
0xF6, 0x27, 0x00, 0x00, 0x5A, 0x1C, 0x00, 0x00, 0x02, 0x9D, 
0x00, 0x01, 0x00, 0x00, 0x01, 0x9C, 0x3A, 0x0F, 0x4C, 0x9B, 
0xA1, 0x13, 0x5F, 0x0F, 0x3C, 0xF5, 0x02, 0x0B, 0x03, 0xE8, 
0x00, 0x00, 0x00, 0x00, 0xCB, 0xC8, 0x37, 0xE9, 0x00, 0x00, 
0x00, 0x00, 0xE6, 0x7D, 0x31, 0x8A, 0xFF, 0xEA, 0xFF, 0x24, 
0x03, 0xE1, 0x03, 0xC6, 0x00, 0x00, 0x00, 0x08, 0x00, 0x00, 
0x00, 0x00, 0x00, 0x00, 0x00, 0x00, 0x00, 0x01, 0x00, 0x00, 
0x03, 0x84, 0xFF, 0x38, 0x00, 0x64, 0x03, 0xF7, 0xFF, 0xEA, 
0xFF, 0xEA, 0x03, 0xE1, 0x00, 0x01, 0x00, 0x00, 0x00, 0x00, 
0x00, 0x00, 0x00, 0x00, 0x00, 0x00, 0x00, 0x00, 0x00, 0x00, 
0x00, 0xED, 0x00, 0x01, 0x00, 0x00, 0x00, 0xED, 0x00, 0x59, 
0x00, 0x07, 0x00, 0x00, 0x00, 0x00, 0x00, 0x01, 0x00, 0x00, 
0x00, 0x00, 0x00, 0x00, 0x00, 0x00, 0x00, 0x00, 0x00, 0x00, 
0x00, 0x00, 0x00, 0x00, 0x00, 0x03, 0x02, 0x91, 0x01, 0x90, 
0x00, 0x05, 0x00, 0x00, 0x02, 0x8A, 0x02, 0x9A, 0x00, 0x00, 
0x00, 0xC8, 0x02, 0x8A, 0x02, 0x9A, 0x00, 0x00, 0x01, 0x86, 
0x00, 0x31, 0x01, 0x02, 0x08, 0x05, 0x02, 0x0B, 0x05, 0x04, 
0x02, 0x02, 0x02, 0x02, 0x02, 0x04, 0x80, 0x00, 0x00, 0x2F, 
0x00, 0x00, 0x00, 0x0A, 0x00, 0x00, 0x00, 0x00, 0x00, 0x00, 
0x00, 0x00, 0x47, 0x4E, 0x55, 0x20, 0x00, 0x40, 0x00, 0x20, 
0x21, 0x22, 0x03, 0x20, 0xFF, 0x38, 0x00, 0x64, 0x03, 0x84, 
0x01, 0x2C, 0x00, 0x00, 0x00, 0x01, 0x00, 0x00, 0x00, 0x00, 
0x02, 0x0C, 0x02, 0xD9, 0x00, 0x20, 0x00, 0x20, 0x00, 0x0A, 
0x03, 0x20, 0x00, 0x23, 0x00, 0xFA, 0x00, 0x00, 0x01, 0x4D, 
0x00, 0x7C, 0x01, 0x4D, 0x00, 0x28, 0x02, 0x2C, 0x00, 0x0E, 
0x02, 0x2C, 0x00, 0x21, 0x03, 0x79, 0x00, 0x1D, 0x02, 0x9B, 
0x00, 0x34, 0x00, 0xC8, 0x00, 0x35, 0x01, 0x4D, 0x00, 0x49, 
0x01, 0x4D, 0x00, 0x26, 0x01, 0x85, 0x00, 0x28, 0x02, 0x48, 
0x00, 0x32, 0x01, 0x16, 0x00, 0x57, 0x01, 0x4D, 0x00, 0x2E, 
0x00, 0xFA, 0x00, 0x50, 0x01, 0x16, 0xFF, 0xF8, 0x02, 0x2C, 
0x00, 0x2B, 0x02, 0x2C, 0x00, 0x66, 0x02, 0x2C, 0x00, 0x22, 
0x02, 0x2C, 0x00, 0x20, 0x02, 0x2C, 0x00, 0x1C, 0x02, 0x2C, 
0x00, 0x23, 0x02, 0x2C, 0x00, 0x2B, 0x02, 0x2C, 0x00, 0x2E, 
0x02, 0x2C, 0x00, 0x25, 0x02, 0x2C, 0x00, 0x26, 0x00, 0xFA, 
0x00, 0x50, 0x00, 0xFA, 0x00, 0x50, 0x02, 0x48, 0x00, 0x2D, 
0x02, 0x48, 0x00, 0x32, 0x02, 0x48, 0x00, 0x32, 0x02, 0x2C, 
0x00, 0x4D, 0x03, 0xF7, 0x00, 0x22, 0x02, 0x9A, 0x00, 0x0F, 
0x02, 0x98, 0x00, 0x50, 0x02, 0xC5, 0x00, 0x28, 0x02, 0xBA, 
0x00, 0x50, 0x02, 0x79, 0x00, 0x50, 0x02, 0x57, 0x00, 0x50, 
0x02, 0xFD, 0x00, 0x28, 0x02, 0xD1, 0x00, 0x50, 0x01, 0x16, 
0x00, 0x64, 0x02, 0x10, 0x00, 0x23, 0x02, 0xA2, 0x00, 0x50, 
0x02, 0x33, 0x00, 0x50, 0x03, 0x4E, 0x00, 0x50, 0x02, 0xDA, 
0x00, 0x50, 0x03, 0x10, 0x00, 0x28, 0x02, 0x90, 0x00, 0x50, 
0x03, 0x10, 0x00, 0x28, 0x02, 0xC5, 0x00, 0x50, 0x02, 0x9B, 
0x00, 0x30, 0x02, 0x78, 0x00, 0x1E, 0x02, 0xD0, 0x00, 0x50, 
0x02, 0x85, 0x00, 0x0F, 0x03, 0xA9, 0x00, 0x0F, 0x02, 0x91, 
0x00, 0x0F, 0x02, 0xA6, 0x00, 0x0F, 0x02, 0x67, 0x00, 0x1E, 
0x01, 0x16, 0x00, 0x40, 0x01, 0x16, 0xFF, 0xF8, 0x01, 0x15, 
0x00, 0x16, 0x01, 0xD5, 0x00, 0x2C, 0x02, 0x2C, 0xFF, 0xEA, 
0x00, 0xFA, 0x00, 0x16, 0x02, 0x1F, 0x00, 0x1E, 0x02, 0x2F, 
0x00, 0x3C, 0x01, 0xFA, 0x00, 0x1E, 0x02, 0x2F, 0x00, 0x1E, 
0x02, 0x15, 0x00, 0x1E, 0x01, 0x18, 0x00, 0x14, 0x02, 0x26, 
0x00, 0x1E, 0x02, 0x18, 0x00, 0x3C, 0x00, 0xDE, 0x00, 0x42, 
0x00, 0xF3, 0x00, 0x00, 0x02, 0x02, 0x00, 0x3C, 0x00, 0xD6, 
0x00, 0x3C, 0x03, 0x2C, 0x00, 0x3C, 0x02, 0x19, 0x00, 0x3C, 
0x02, 0x16, 0x00, 0x1E, 0x02, 0x2F, 0x00, 0x3C, 0x02, 0x2F, 
0x00, 0x1E, 0x01, 0x4C, 0x00, 0x3C, 0x01, 0xED, 0x00, 0x22, 
0x01, 0x18, 0x00, 0x14, 0x02, 0x19, 0x00, 0x3C, 0x01, 0xF0, 
0x00, 0x0A, 0x02, 0xD2, 0x00, 0x0A, 0x01, 0xDC, 0x00, 0x0A, 
0x01, 0xDE, 0x00, 0x0A, 0x01, 0xE6, 0x00, 0x1E, 0x01, 0x4D, 
0x00, 0x2B, 0x00, 0xFA, 0x00, 0x5F, 0x01, 0x4D, 0x00, 0x39, 
0x01, 0xF4, 0x00, 0x21, 0x01, 0x16, 0x00, 0x00, 0x01, 0x4D, 
0x00, 0x7A, 0x02, 0x2C, 0x00, 0x34, 0x02, 0x2C, 0x00, 0x1A, 
0x02, 0x2C, 0x00, 0x43, 0x02, 0x2C, 0x00, 0x0B, 0x01, 0x04, 
0x00, 0x64, 0x02, 0x2C, 0x00, 0x2B, 0x01, 0x4D, 0x00, 0x19, 
0x03, 0x20, 0x00, 0x27, 0x01, 0x72, 0x00, 0x25, 0x01, 0xF4, 
0x00, 0x47, 0x02, 0x48, 0x00, 0x28, 0x01, 0x4D, 0x00, 0x2E, 
0x03, 0x20, 0x00, 0x27, 0x01, 0x4D, 0x00, 0x1C, 0x02, 0x5E, 
0x00, 0x97, 0x02, 0x48, 0x00, 0x32, 0x01, 0x5E, 0x00, 0x13, 
0x01, 0x5E, 0x00, 0x10, 0x01, 0x4D, 0x00, 0x5C, 0x02, 0x2C, 
0x00, 0x41, 0x02, 0x19, 0x00, 0x30, 0x00, 0xFA, 0x00, 0x57, 
0x01, 0x4D, 0x00, 0x27, 0x01, 0x5E, 0x00, 0x45, 0x01, 0x6D, 
0x00, 0x28, 0x01, 0xF4, 0x00, 0x48, 0x03, 0x65, 0x00, 0x3D, 
0x03, 0x65, 0x00, 0x3D, 0x03, 0x6F, 0x00, 0x1A, 0x02, 0x2C, 
0x00, 0x60, 0x02, 0x9A, 0x00, 0x0F, 0x02, 0x9A, 0x00, 0x0F, 
0x02, 0x9A, 0x00, 0x0F, 0x02, 0x9A, 0x00, 0x0F, 0x02, 0x9A, 
0x00, 0x0F, 0x02, 0x9A, 0x00, 0x0F, 0x03, 0xD8, 0x00, 0x0F, 
0x02, 0xC5, 0x00, 0x28, 0x02, 0x79, 0x00, 0x50, 0x02, 0x79, 
0x00, 0x50, 0x02, 0x79, 0x00, 0x50, 0x02, 0x79, 0x00, 0x50, 
0x01, 0x16, 0x00, 0x00, 0x01, 0x16, 0x00, 0x31, 0x01, 0x2C, 
0x00, 0x0A, 0x01, 0x2C, 0x00, 0x08, 0x02, 0xC3, 0x00, 0x14, 
0x02, 0xDA, 0x00, 0x50, 0x03, 0x10, 0x00, 0x28, 0x03, 0x10, 
0x00, 0x28, 0x03, 0x10, 0x00, 0x28, 0x03, 0x10, 0x00, 0x28, 
0x03, 0x10, 0x00, 0x28, 0x02, 0x48, 0x00, 0x5F, 0x03, 0x15, 
0x00, 0x23, 0x02, 0xD0, 0x00, 0x50, 0x02, 0xD0, 0x00, 0x50, 
0x02, 0xD0, 0x00, 0x50, 0x02, 0xD0, 0x00, 0x50, 0x02, 0xA6, 
0x00, 0x0F, 0x02, 0x85, 0x00, 0x50, 0x02, 0x52, 0x00, 0x50, 
0x02, 0x1F, 0x00, 0x1E, 0x02, 0x1F, 0x00, 0x1E, 0x02, 0x1F, 
0x00, 0x1E, 0x02, 0x1F, 0x00, 0x1E, 0x02, 0x1F, 0x00, 0x1E, 
0x02, 0x1F, 0x00, 0x1E, 0x03, 0x67, 0x00, 0x1E, 0x01, 0xFA, 
0x00, 0x1E, 0x02, 0x15, 0x00, 0x1E, 0x02, 0x15, 0x00, 0x1E, 
0x02, 0x15, 0x00, 0x1E, 0x02, 0x15, 0x00, 0x1E, 0x00, 0xDE, 
0x00, 0x00, 0x00, 0xDE, 0x00, 0x0D, 0x01, 0x06, 0xFF, 0xF4, 
0x01, 0x06, 0xFF, 0xF5, 0x02, 0x16, 0x00, 0x1E, 0x02, 0x19, 
0x00, 0x3C, 0x02, 0x16, 0x00, 0x1E, 0x02, 0x16, 0x00, 0x1E, 
0x02, 0x16, 0x00, 0x1E, 0x02, 0x16, 0x00, 0x1E, 0x02, 0x16, 
0x00, 0x1E, 0x02, 0x48, 0x00, 0x32, 0x02, 0x16, 0x00, 0x0A, 
0x02, 0x19, 0x00, 0x3C, 0x02, 0x19, 0x00, 0x3C, 0x02, 0x19, 
0x00, 0x3C, 0x02, 0x19, 0x00, 0x3C, 0x01, 0xDE, 0x00, 0x0A, 
0x02, 0x2E, 0x00, 0x3C, 0x01, 0xDE, 0x00, 0x0A, 0x02, 0xF7, 
0x00, 0x64, 0x01, 0x80, 0x00, 0x42, 0x02, 0x33, 0x00, 0x50, 
0x01, 0x68, 0x00, 0x3C, 0x03, 0xDA, 0x00, 0x28, 0x03, 0x97, 
0x00, 0x1E, 0x02, 0x9B, 0x00, 0x30, 0x01, 0xED, 0x00, 0x22, 
0x02, 0xA6, 0x00, 0x0F, 0x02, 0x67, 0x00, 0x1E, 0x01, 0xE6, 
0x00, 0x1E, 0x01, 0x16, 0x00, 0x00, 0x01, 0x4D, 0x00, 0x14, 
0x01, 0x4D, 0x00, 0x05, 0x01, 0xF4, 0x00, 0x28, 0x03, 0xE8, 
0x00, 0x28, 0x00, 0xFA, 0x00, 0x61, 0x00, 0xFA, 0x00, 0x50, 
0x00, 0xFA, 0x00, 0x50, 0x01, 0x90, 0x00, 0x59, 0x01, 0x90, 
0x00, 0x50, 0x01, 0x90, 0x00, 0x50, 0x02, 0x2C, 0x00, 0x26, 
0x02, 0x2C, 0x00, 0x26, 0x01, 0x90, 0x00, 0x4B, 0x02, 0xA8, 
0x00, 0x50, 0x03, 0xE8, 0x00, 0x09, 0x00, 0xFA, 0x00, 0x31, 
0x00, 0xFA, 0x00, 0x31, 0x02, 0x8F, 0x00, 0x24, 0x03, 0xE8, 
0x00, 0x14, 0x03, 0x79, 0x00, 0x1E, 0x03, 0x70, 0x00, 0x24, 
0x03, 0x79, 0x00, 0x1E, 0x03, 0x79, 0x00, 0x1C, 0x03, 0x79, 
0x00, 0x1A, 0x03, 0x70, 0x00, 0x26, 0x03, 0x65, 0x00, 0x34, 
0x01, 0xEF, 0x00, 0x12, 0x01, 0xCC, 0x00, 0x0C, 0x01, 0xD1, 
0x00, 0x12, 0x02, 0x8C, 0x00, 0x12, 0x02, 0x85, 0x00, 0x12, 
0x02, 0xAA, 0x00, 0xFA, 0x01, 0x65, 0x00, 0xF4, 0x00, 0x00, 
0x00, 0x03, 0x00, 0x00, 0x00, 0x03, 0x00, 0x00, 0x00, 0x1C, 
0x00, 0x00, 0x00, 0x0A, 0x00, 0x00, 0x00, 0xC4, 0x00, 0x03, 
0x00, 0x01, 0x00, 0x00, 0x00, 0x1C, 0x00, 0x04, 0x00, 0xA8, 
0x00, 0x00, 0x00, 0x26, 0x00, 0x20, 0x00, 0x04, 0x00, 0x06, 
0x00, 0x7E, 0x00, 0xFF, 0x01, 0x53, 0x01, 0x61, 0x01, 0x78, 
0x01, 0x7E, 0x01, 0x92, 0x02, 0xC6, 0x02, 0xDC, 0x20, 0x14, 
0x20, 0x1A, 0x20, 0x1E, 0x20, 0x22, 0x20, 0x26, 0x20, 0x30, 
0x20, 0x3A, 0x20, 0xAC, 0x21, 0x22, 0xFF, 0xFF, 0x00, 0x00, 
0x00, 0x20, 0x00, 0xA0, 0x01, 0x52, 0x01, 0x60, 0x01, 0x78, 
0x01, 0x7D, 0x01, 0x92, 0x02, 0xC6, 0x02, 0xDC, 0x20, 0x13, 
0x20, 0x18, 0x20, 0x1C, 0x20, 0x20, 0x20, 0x26, 0x20, 0x30, 
0x20, 0x39, 0x20, 0xAC, 0x21, 0x22, 0xFF, 0xFF, 0xFF, 0xE1, 
0xFF, 0xC0, 0xFF, 0x72, 0xFF, 0x66, 0xFF, 0x50, 0xFF, 0x4C, 
0xFF, 0x39, 0xFE, 0x06, 0xFD, 0xF1, 0xE0, 0xBB, 0xE0, 0xB8, 
0xE0, 0xB7, 0xE0, 0xB6, 0xE0, 0xB3, 0xE0, 0xAA, 0xE0, 0xA2, 
0xE0, 0x31, 0xDF, 0xBC, 0x00, 0x01, 0x00, 0x00, 0x00, 0x00, 
0x00, 0x00, 0x00, 0x00, 0x00, 0x00, 0x00, 0x00, 0x00, 0x00, 
0x00, 0x00, 0x00, 0x00, 0x00, 0x00, 0x00, 0x00, 0x00, 0x00, 
0x00, 0x00, 0x00, 0x00, 0x00, 0x00, 0x00, 0x00, 0x00, 0x00, 
0x00, 0x00, 0x00, 0x00, 0x00, 0x0C, 0x00, 0x00, 0x00, 0x00, 
0x00, 0xE8, 0x00, 0x00, 0x00, 0x00, 0x00, 0x00, 0x00, 0x12, 
0x00, 0x00, 0x00, 0x20, 0x00, 0x00, 0x00, 0x7E, 0x00, 0x00, 
0x00, 0x01, 0x00, 0x00, 0x00, 0xA0, 0x00, 0x00, 0x00, 0xFF, 
0x00, 0x00, 0x00, 0x60, 0x00, 0x00, 0x01, 0x52, 0x00, 0x00, 
0x01, 0x53, 0x00, 0x00, 0x00, 0xC4, 0x00, 0x00, 0x01, 0x60, 
0x00, 0x00, 0x01, 0x61, 0x00, 0x00, 0x00, 0xC6, 0x00, 0x00, 
0x01, 0x78, 0x00, 0x00, 0x01, 0x78, 0x00, 0x00, 0x00, 0xC8, 
0x00, 0x00, 0x01, 0x7D, 0x00, 0x00, 0x01, 0x7E, 0x00, 0x00, 
0x00, 0xC9, 0x00, 0x00, 0x01, 0x92, 0x00, 0x00, 0x01, 0x92, 
0x00, 0x00, 0x00, 0xCB, 0x00, 0x00, 0x02, 0xC6, 0x00, 0x00, 
0x02, 0xC6, 0x00, 0x00, 0x00, 0xCC, 0x00, 0x00, 0x02, 0xDC, 
0x00, 0x00, 0x02, 0xDC, 0x00, 0x00, 0x00, 0xCD, 0x00, 0x00, 
0x20, 0x13, 0x00, 0x00, 0x20, 0x14, 0x00, 0x00, 0x00, 0xCE, 
0x00, 0x00, 0x20, 0x18, 0x00, 0x00, 0x20, 0x1A, 0x00, 0x00, 
0x00, 0xD0, 0x00, 0x00, 0x20, 0x1C, 0x00, 0x00, 0x20, 0x1E, 
0x00, 0x00, 0x00, 0xD3, 0x00, 0x00, 0x20, 0x20, 0x00, 0x00, 
0x20, 0x22, 0x00, 0x00, 0x00, 0xD6, 0x00, 0x00, 0x20, 0x26, 
0x00, 0x00, 0x20, 0x26, 0x00, 0x00, 0x00, 0xD9, 0x00, 0x00, 
0x20, 0x30, 0x00, 0x00, 0x20, 0x30, 0x00, 0x00, 0x00, 0xDA, 
0x00, 0x00, 0x20, 0x39, 0x00, 0x00, 0x20, 0x3A, 0x00, 0x00, 
0x00, 0xDB, 0x00, 0x00, 0x20, 0xAC, 0x00, 0x00, 0x20, 0xAC, 
0x00, 0x00, 0x00, 0xDD, 0x00, 0x00, 0x21, 0x22, 0x00, 0x00, 
0x21, 0x22, 0x00, 0x00, 0x00, 0xDE, 0x00, 0x00, 0x00, 0x00, 
0x00, 0x00, 0x00, 0x16, 0x00, 0x2E, 0x00, 0x5E, 0x00, 0xAC, 
0x01, 0x05, 0x01, 0x62, 0x01, 0x71, 0x01, 0x8D, 0x01, 0xA9, 
0x01, 0xC7, 0x01, 0xDC, 0x01, 0xF0, 0x01, 0xFD, 0x02, 0x09, 
0x02, 0x16, 0x02, 0x3E, 0x02, 0x54, 0x02, 0x8A, 0x02, 0xC5, 
0x02, 0xE0, 0x03, 0x13, 0x03, 0x53, 0x03, 0x6D, 0x03, 0xB6, 
0x03, 0xF8, 0x04, 0x0A, 0x04, 0x24, 0x04, 0x36, 0x04, 0x4A, 
0x04, 0x5D, 0x04, 0x8D, 0x04, 0xFE, 0x05, 0x19, 0x05, 0x52, 
0x05, 0x82, 0x05, 0xA3, 0x05, 0xBA, 0x05, 0xCF, 0x06, 0x08, 
0x06, 0x20, 0x06, 0x2D, 0x06, 0x4B, 0x06, 0x66, 0x06, 0x76, 
0x06, 0x90, 0x06, 0xA8, 0x06, 0xDC, 0x07, 0x00, 0x07, 0x3B, 
0x07, 0x75, 0x07, 0xB9, 0x07, 0xCB, 0x07, 0xEB, 0x07, 0xFD, 
0x08, 0x19, 0x08, 0x36, 0x08, 0x4C, 0x08, 0x63, 0x08, 0x74, 
0x08, 0x82, 0x08, 0x93, 0x08, 0xA5, 0x08, 0xB2, 0x08, 0xBF, 
0x09, 0x0F, 0x09, 0x3C, 0x09, 0x66, 0x09, 0x94, 0x09, 0xC1, 
0x09, 0xE4, 0x0A, 0x27, 0x0A, 0x4A, 0x0A, 0x5D, 0x0A, 0x7D, 
0x0A, 0x96, 0x0A, 0xA3, 0x0A, 0xD9, 0x0A, 0xF9, 0x0B, 0x1F, 
0x0B, 0x4D, 0x0B, 0x79, 0x0B, 0x96, 0x0B, 0xCF, 0x0B, 0xF1, 
0x0C, 0x11, 0x0C, 0x23, 0x0C, 0x3F, 0x0C, 0x59, 0x0C, 0x7A, 
0x0C, 0x91, 0x0C, 0xC3, 0x0C, 0xD0, 0x0C, 0xFF, 0x0D, 0x28, 
0x0D, 0x28, 0x0D, 0x3E, 0x0D, 0x72, 0x0D, 0xC4, 0x0E, 0x04, 
0x0E, 0x28, 0x0E, 0x3A, 0x0E, 0x9B, 0x0E, 0xAD, 0x0F, 0x0E, 
0x0F, 0x55, 0x0F, 0x6F, 0x0F, 0x7F, 0x0F, 0x8C, 0x0F, 0xF6, 
0x10, 0x03, 0x10, 0x2F, 0x10, 0x4A, 0x10, 0x78, 0x10, 0xAF, 
0x10, 0xBC, 0x10, 0xE7, 0x11, 0x05, 0x11, 0x11, 0x11, 0x3B, 
0x11, 0x51, 0x11, 0x7E, 0x11, 0x99, 0x11, 0xCA, 0x12, 0x10, 
0x12, 0x61, 0x12, 0x90, 0x12, 0xB3, 0x12, 0xD5, 0x12, 0xFB, 
0x13, 0x30, 0x13, 0x57, 0x13, 0x95, 0x13, 0xBA, 0x14, 0x0D, 
0x14, 0x2C, 0x14, 0x4A, 0x14, 0x6C, 0x14, 0x8F, 0x14, 0xA3, 
0x14, 0xB6, 0x14, 0xCD, 0x14, 0xE5, 0x15, 0x10, 0x15, 0x41, 
0x15, 0x7C, 0x15, 0xB7, 0x15, 0xF6, 0x16, 0x44, 0x16, 0x83, 
0x16, 0x9D, 0x16, 0xDF, 0x17, 0x06, 0x17, 0x2C, 0x17, 0x56, 
0x17, 0x81, 0x17, 0x9E, 0x17, 0xC1, 0x18, 0x03, 0x18, 0x5A, 
0x18, 0xB1, 0x19, 0x0B, 0x19, 0x75, 0x19, 0xD1, 0x1A, 0x44, 
0x1A, 0xAD, 0x1A, 0xFA, 0x1B, 0x2F, 0x1B, 0x64, 0x1B, 0x9C, 
0x1B, 0xD5, 0x1B, 0xE9, 0x1B, 0xFC, 0x1C, 0x13, 0x1C, 0x2B, 
0x1C, 0x74, 0x1C, 0xAD, 0x1C, 0xD9, 0x1D, 0x05, 0x1D, 0x35, 
0x1D, 0x74, 0x1D, 0xA5, 0x1D, 0xBE, 0x1D, 0xF9, 0x1E, 0x21, 
0x1E, 0x49, 0x1E, 0x74, 0x1E, 0xA0, 0x1E, 0xC7, 0x1E, 0xF7, 
0x1F, 0x23, 0x1F, 0x49, 0x1F, 0x75, 0x1F, 0x8C, 0x1F, 0xA0, 
0x1F, 0xE1, 0x20, 0x2E, 0x20, 0x7D, 0x20, 0xC2, 0x20, 0xE3, 
0x21, 0x04, 0x21, 0x25, 0x21, 0x55, 0x21, 0x66, 0x21, 0x86, 
0x21, 0x93, 0x21, 0xA0, 0x21, 0xB6, 0x21, 0xCC, 0x21, 0xE2, 
0x22, 0x08, 0x22, 0x2E, 0x22, 0x53, 0x22, 0x69, 0x22, 0x87, 
0x22, 0xA3, 0x22, 0xBA, 0x23, 0x39, 0x23, 0x49, 0x23, 0x5A, 
0x23, 0xAE, 0x23, 0xD4, 0x24, 0x31, 0x24, 0x97, 0x24, 0xE0, 
0x25, 0x47, 0x25, 0xC1, 0x26, 0x32, 0x26, 0x8D, 0x26, 0xC6, 
0x26, 0xEE, 0x27, 0x19, 0x27, 0x59, 0x27, 0x96, 0x27, 0xC6, 
0x27, 0xDD, 0x00, 0x02, 0x00, 0x7C, 0x00, 0x00, 0x00, 0xD0, 
0x02, 0xD9, 0x00, 0x05, 0x00, 0x09, 0x00, 0x00, 0x13, 0x11, 
0x07, 0x23, 0x27, 0x11, 0x13, 0x15, 0x23, 0x35, 0xD0, 0x16, 
0x27, 0x16, 0x53, 0x54, 0x02, 0xD9, 0xFE, 0xAE, 0xDF, 0xDF, 
0x01, 0x52, 0xFD, 0x8F, 0x68, 0x68, 0x00, 0x02, 0x00, 0x28, 
0x01, 0xD0, 0x01, 0x25, 0x02, 0xC5, 0x00, 0x05, 0x00, 0x0B, 
0x00, 0x00, 0x13, 0x33, 0x15, 0x07, 0x23, 0x27, 0x37, 0x33, 
0x15, 0x07, 0x23, 0x27, 0x28, 0x5D, 0x1B, 0x27, 0x1B, 0xA0, 
0x5D, 0x1B, 0x27, 0x1B, 0x02, 0xC5, 0x6F, 0x86, 0x86, 0x6F, 
0x6F, 0x86, 0x86, 0x00, 0x00, 0x02, 0x00, 0x0E, 0xFF, 0xEC, 
0x02, 0x1E, 0x02, 0xB9, 0x00, 0x1B, 0x00, 0x1F, 0x00, 0x00, 
0x01, 0x07, 0x33, 0x15, 0x23, 0x07, 0x33, 0x15, 0x23, 0x07, 
0x23, 0x37, 0x23, 0x07, 0x23, 0x37, 0x23, 0x35, 0x33, 0x37, 
0x23, 0x35, 0x33, 0x37, 0x33, 0x07, 0x33, 0x37, 0x03, 0x23, 
0x07, 0x33, 0x01, 0xE5, 0x24, 0x5D, 0x6A, 0x1F, 0x69, 0x75, 
0x27, 0x4C, 0x26, 0x7C, 0x27, 0x4C, 0x26, 0x65, 0x72, 0x1F, 
0x6C, 0x79, 0x24, 0x4C, 0x24, 0x7D, 0x23, 0x30, 0x7C, 0x20, 
0x7D, 0x02, 0xB9, 0xC4, 0x44, 0xAE, 0x44, 0xD3, 0xD3, 0xD3, 
0xD3, 0x44, 0xAE, 0x44, 0xC4, 0xC4, 0xC4, 0xFE, 0xF8, 0xAE, 
0x00, 0x03, 0x00, 0x21, 0xFF, 0x82, 0x02, 0x06, 0x03, 0x02, 
0x00, 0x27, 0x00, 0x2D, 0x00, 0x34, 0x00, 0x00, 0x25, 0x14, 
0x06, 0x07, 0x15, 0x23, 0x35, 0x26, 0x26, 0x35, 0x33, 0x1E, 
0x03, 0x17, 0x11, 0x2E, 0x02, 0x35, 0x34, 0x36, 0x37, 0x35, 
0x33, 0x15, 0x16, 0x16, 0x15, 0x23, 0x26, 0x26, 0x27, 0x15, 
0x1E, 0x04, 0x25, 0x35, 0x06, 0x06, 0x15, 0x14, 0x13, 0x36, 
0x36, 0x35, 0x34, 0x26, 0x27, 0x02, 0x06, 0x6E, 0x6A, 0x3B, 
0x6D, 0x65, 0x4F, 0x02, 0x08, 0x18, 0x34, 0x2D, 0x3C, 0x59, 
0x30, 0x65, 0x60, 0x3B, 0x5B, 0x67, 0x4F, 0x01, 0x40, 0x32, 
0x12, 0x36, 0x3B, 0x34, 0x21, 0xFE, 0xED, 0x37, 0x3D, 0xAF, 
0x46, 0x40, 0x39, 0x4D, 0xC3, 0x5F, 0x73, 0x08, 0x67, 0x67, 
0x08, 0x75, 0x6A, 0x19, 0x35, 0x2D, 0x21, 0x06, 0x01, 0x10, 
0x12, 0x2B, 0x4A, 0x3F, 0x56, 0x66, 0x0C, 0x36, 0x36, 0x07, 
0x68, 0x56, 0x37, 0x46, 0x02, 0xF9, 0x05, 0x0F, 0x19, 0x2A, 
0x42, 0xA1, 0xF0, 0x07, 0x3E, 0x32, 0x5A, 0xFE, 0x7A, 0x08, 
0x4D, 0x34, 0x32, 0x36, 0x16, 0x00, 0x00, 0x05, 0x00, 0x1D, 
0xFF, 0xEC, 0x03, 0x5B, 0x02, 0xC5, 0x00, 0x0F, 0x00, 0x1B, 
0x00, 0x1F, 0x00, 0x2F, 0x00, 0x3B, 0x00, 0x00, 0x13, 0x32, 
0x16, 0x16, 0x15, 0x14, 0x06, 0x06, 0x23, 0x22, 0x26, 0x26, 
0x35, 0x34, 0x36, 0x36, 0x17, 0x22, 0x06, 0x15, 0x14, 0x16, 
0x33, 0x32, 0x36, 0x35, 0x34, 0x26, 0x25, 0x33, 0x01, 0x23, 
0x01, 0x32, 0x16, 0x16, 0x15, 0x14, 0x06, 0x06, 0x23, 0x22, 
0x26, 0x26, 0x35, 0x34, 0x36, 0x36, 0x17, 0x22, 0x06, 0x15, 
0x14, 0x16, 0x33, 0x32, 0x36, 0x35, 0x34, 0x26, 0xC7, 0x30, 
0x4E, 0x2D, 0x2E, 0x4D, 0x2F, 0x2F, 0x4E, 0x2E, 0x2E, 0x4E, 
0x2E, 0x29, 0x3C, 0x3C, 0x2A, 0x29, 0x3C, 0x3B, 0x01, 0x6F, 
0x42, 0xFE, 0x75, 0x42, 0x01, 0xDA, 0x30, 0x4E, 0x2D, 0x2F, 
0x4D, 0x2E, 0x2F, 0x4E, 0x2E, 0x2E, 0x4E, 0x2E, 0x29, 0x3C, 
0x3C, 0x2A, 0x29, 0x3C, 0x3B, 0x02, 0xAD, 0x2E, 0x4E, 0x31, 
0x2E, 0x4D, 0x2E, 0x2E, 0x4E, 0x2F, 0x2F, 0x4E, 0x2E, 0x46, 
0x3B, 0x2A, 0x29, 0x3C, 0x3B, 0x29, 0x2B, 0x3B, 0x5E, 0xFD, 
0x27, 0x01, 0x56, 0x2E, 0x4E, 0x30, 0x2E, 0x4D, 0x2E, 0x2E, 
0x4E, 0x2F, 0x2F, 0x4D, 0x2E, 0x46, 0x3B, 0x29, 0x2A, 0x3B, 
0x3B, 0x28, 0x2B, 0x3B, 0x00, 0x03, 0x00, 0x34, 0xFF, 0xE9, 
0x02, 0x7D, 0x02, 0xC5, 0x00, 0x27, 0x00, 0x34, 0x00, 0x3F, 
0x00, 0x00, 0x25, 0x0E, 0x02, 0x23, 0x22, 0x26, 0x26, 0x35, 
0x34, 0x36, 0x36, 0x37, 0x2E, 0x02, 0x35, 0x34, 0x36, 0x36, 
0x33, 0x32, 0x16, 0x16, 0x15, 0x14, 0x06, 0x06, 0x07, 0x17, 
0x36, 0x36, 0x35, 0x35, 0x33, 0x14, 0x06, 0x07, 0x17, 0x23, 
0x03, 0x36, 0x36, 0x35, 0x34, 0x26, 0x23, 0x22, 0x06, 0x15, 
0x14, 0x16, 0x16, 0x13, 0x27, 0x06, 0x06, 0x15, 0x14, 0x16, 
0x16, 0x33, 0x32, 0x36, 0x01, 0xD2, 0x10, 0x36, 0x52, 0x39, 
0x3D, 0x5D, 0x33, 0x1D, 0x47, 0x3E, 0x1F, 0x23, 0x0F, 0x2E, 
0x4E, 0x2F, 0x30, 0x49, 0x2A, 0x1A, 0x3C, 0x34, 0x85, 0x0E, 
0x11, 0x50, 0x1E, 0x1C, 0x7A, 0x6D, 0xF3, 0x3B, 0x2C, 0x31, 
0x26, 0x27, 0x2F, 0x0A, 0x1E, 0xA3, 0xA0, 0x44, 0x36, 0x24, 
0x3B, 0x24, 0x27, 0x46, 0x4E, 0x0F, 0x30, 0x26, 0x32, 0x59, 
0x3C, 0x2E, 0x44, 0x3F, 0x24, 0x27, 0x37, 0x2E, 0x17, 0x2C, 
0x47, 0x2A, 0x28, 0x47, 0x2E, 0x24, 0x38, 0x34, 0x1E, 0xA3, 
0x1A, 0x3E, 0x1B, 0x04, 0x2D, 0x5F, 0x2B, 0x97, 0x01, 0xAF, 
0x25, 0x34, 0x22, 0x25, 0x30, 0x2F, 0x27, 0x11, 0x1D, 0x29, 
0xFE, 0xB7, 0xC8, 0x2B, 0x45, 0x2A, 0x23, 0x3A, 0x23, 0x26, 
0x00, 0x01, 0x00, 0x35, 0x01, 0xD0, 0x00, 0x93, 0x02, 0xC5, 
0x00, 0x05, 0x00, 0x00, 0x13, 0x33, 0x15, 0x07, 0x23, 0x27, 
0x35, 0x5E, 0x1B, 0x28, 0x1B, 0x02, 0xC5, 0x6F, 0x86, 0x86, 
0x00, 0x01, 0x00, 0x49, 0xFF, 0x2C, 0x01, 0x23, 0x02, 0xD9, 
0x00, 0x0F, 0x00, 0x00, 0x13, 0x33, 0x06, 0x06, 0x15, 0x14, 
0x16, 0x17, 0x23, 0x2E, 0x02, 0x35, 0x34, 0x36, 0x36, 0xEC, 
0x37, 0x42, 0x47, 0x47, 0x42, 0x37, 0x32, 0x49, 0x28, 0x28, 
0x49, 0x02, 0xD9, 0x6A, 0xF5, 0x77, 0x78, 0xF4, 0x6B, 0x42, 
0x9E, 0xA8, 0x4F, 0x4F, 0xA7, 0x9F, 0x00, 0x01, 0x00, 0x26, 
0xFF, 0x2C, 0x01, 0x00, 0x02, 0xD9, 0x00, 0x0F, 0x00, 0x00, 
0x17, 0x23, 0x36, 0x36, 0x35, 0x34, 0x26, 0x27, 0x33, 0x1E, 
0x02, 0x15, 0x14, 0x06, 0x06, 0x5D, 0x37, 0x42, 0x47, 0x47, 
0x42, 0x37, 0x32, 0x49, 0x28, 0x28, 0x49, 0xD4, 0x6B, 0xF4, 
0x77, 0x78, 0xF4, 0x6B, 0x41, 0x9F, 0xA8, 0x4F, 0x4E, 0xA8, 
0x9E, 0x00, 0x00, 0x01, 0x00, 0x28, 0x01, 0xB9, 0x01, 0x57, 
0x02, 0xD9, 0x00, 0x0E, 0x00, 0x00, 0x13, 0x33, 0x07, 0x37, 
0x17, 0x07, 0x17, 0x07, 0x27, 0x07, 0x27, 0x37, 0x27, 0x37, 
0x17, 0xA0, 0x3F, 0x05, 0x6A, 0x13, 0x6C, 0x46, 0x33, 0x3E, 
0x3F, 0x32, 0x45, 0x6C, 0x13, 0x6A, 0x02, 0xD9, 0x70, 0x26, 
0x3B, 0x1E, 0x59, 0x24, 0x5D, 0x5D, 0x24, 0x59, 0x1E, 0x3B, 
0x26, 0x00, 0x00, 0x01, 0x00, 0x32, 0xFF, 0xF6, 0x02, 0x16, 
0x01, 0xDA, 0x00, 0x0B, 0x00, 0x00, 0x01, 0x15, 0x23, 0x15, 
0x23, 0x35, 0x23, 0x35, 0x33, 0x35, 0x33, 0x15, 0x02, 0x16, 
0xCF, 0x46, 0xCF, 0xCF, 0x46, 0x01, 0x0B, 0x46, 0xCF, 0xCF, 
0x46, 0xCF, 0xCF, 0x00, 0x00, 0x01, 0x00, 0x57, 0xFF, 0x6D, 
0x00, 0xC0, 0x00, 0x68, 0x00, 0x0A, 0x00, 0x00, 0x37, 0x33, 
0x15, 0x14, 0x23, 0x35, 0x36, 0x36, 0x35, 0x35, 0x23, 0x57, 
0x69, 0x69, 0x1D, 0x18, 0x35, 0x68, 0x78, 0x83, 0x26, 0x02, 
0x25, 0x34, 0x12, 0x00, 0x00, 0x01, 0x00, 0x2E, 0x00, 0xF0, 
0x01, 0x1F, 0x01, 0x38, 0x00, 0x03, 0x00, 0x00, 0x01, 0x15, 
0x23, 0x35, 0x01, 0x1F, 0xF1, 0x01, 0x38, 0x48, 0x48, 0x00, 
0x00, 0x01, 0x00, 0x50, 0x00, 0x00, 0x00, 0xB8, 0x00, 0x68, 
0x00, 0x03, 0x00, 0x00, 0x37, 0x15, 0x23, 0x35, 0xB8, 0x68, 
0x68, 0x68, 0x68, 0x00, 0x00, 0x01, 0xFF, 0xF8, 0xFF, 0xEC, 
0x01, 0x1C, 0x02, 0xD9, 0x00, 0x03, 0x00, 0x00, 0x13, 0x33, 
0x03, 0x23, 0xE5, 0x37, 0xED, 0x37, 0x02, 0xD9, 0xFD, 0x13, 
0x00, 0x02, 0x00, 0x2B, 0xFF, 0xE9, 0x01, 0xFB, 0x02, 0xC5, 
0x00, 0x0F, 0x00, 0x18, 0x00, 0x00, 0x13, 0x34, 0x3E, 0x02, 
0x33, 0x32, 0x1E, 0x02, 0x15, 0x14, 0x06, 0x23, 0x22, 0x26, 
0x13, 0x22, 0x11, 0x10, 0x33, 0x32, 0x36, 0x35, 0x10, 0x2B, 
0x2C, 0x46, 0x51, 0x25, 0x42, 0x59, 0x36, 0x17, 0x77, 0x71, 
0x72, 0x76, 0xE8, 0x8E, 0x8C, 0x4A, 0x46, 0x01, 0x57, 0x75, 
0x90, 0x4D, 0x1C, 0x3A, 0x66, 0x87, 0x4D, 0xAF, 0xB9, 0xBB, 
0x01, 0xD3, 0xFE, 0xDF, 0xFE, 0xDC, 0x90, 0x97, 0x01, 0x1E, 
0x00, 0x01, 0x00, 0x66, 0x00, 0x00, 0x01, 0x5B, 0x02, 0xC5, 
0x00, 0x0A, 0x00, 0x00, 0x01, 0x23, 0x35, 0x3E, 0x03, 0x37, 
0x33, 0x11, 0x23, 0x01, 0x03, 0x9D, 0x33, 0x3F, 0x26, 0x17, 
0x0C, 0x3A, 0x58, 0x01, 0xF9, 0x3F, 0x06, 0x10, 0x1C, 0x32, 
0x29, 0xFD, 0x3B, 0x00, 0x00, 0x01, 0x00, 0x22, 0x00, 0x00, 
0x01, 0xFF, 0x02, 0xC5, 0x00, 0x22, 0x00, 0x00, 0x13, 0x3E, 
0x03, 0x33, 0x32, 0x16, 0x16, 0x15, 0x14, 0x07, 0x07, 0x06, 
0x06, 0x07, 0x21, 0x15, 0x21, 0x3E, 0x02, 0x37, 0x37, 0x36, 
0x35, 0x34, 0x26, 0x26, 0x23, 0x22, 0x0E, 0x02, 0x07, 0x32, 
0x02, 0x2E, 0x46, 0x50, 0x24, 0x43, 0x66, 0x3A, 0x96, 0x64, 
0x43, 0x36, 0x07, 0x01, 0x75, 0xFE, 0x28, 0x04, 0x25, 0x54, 
0x4A, 0x5C, 0x60, 0x25, 0x3F, 0x28, 0x2E, 0x37, 0x1D, 0x0B, 
0x02, 0x01, 0xCF, 0x50, 0x62, 0x33, 0x11, 0x35, 0x5D, 0x3E, 
0x84, 0x52, 0x36, 0x24, 0x42, 0x2C, 0x57, 0x4E, 0x6A, 0x51, 
0x2A, 0x34, 0x37, 0x55, 0x26, 0x3C, 0x23, 0x22, 0x34, 0x3A, 
0x19, 0x00, 0x00, 0x01, 0x00, 0x20, 0xFF, 0xE9, 0x01, 0xFA, 
0x02, 0xC5, 0x00, 0x28, 0x00, 0x00, 0x01, 0x22, 0x06, 0x06, 
0x07, 0x23, 0x36, 0x33, 0x32, 0x16, 0x15, 0x14, 0x07, 0x16, 
0x16, 0x15, 0x14, 0x06, 0x06, 0x23, 0x22, 0x26, 0x27, 0x33, 
0x16, 0x16, 0x33, 0x32, 0x36, 0x35, 0x34, 0x23, 0x07, 0x23, 
0x35, 0x3E, 0x02, 0x35, 0x34, 0x26, 0x01, 0x0E, 0x38, 0x39, 
0x15, 0x01, 0x58, 0x05, 0xD9, 0x65, 0x73, 0x63, 0x40, 0x38, 
0x3B, 0x6C, 0x49, 0x6F, 0x73, 0x08, 0x58, 0x05, 0x48, 0x48, 
0x45, 0x4E, 0x93, 0x25, 0x0B, 0x3B, 0x4D, 0x26, 0x42, 0x02, 
0x78, 0x2C, 0x45, 0x27, 0xE5, 0x67, 0x5C, 0x6C, 0x27, 0x16, 
0x4F, 0x44, 0x43, 0x63, 0x37, 0x72, 0x73, 0x4D, 0x4A, 0x4B, 
0x43, 0x81, 0x01, 0x4B, 0x01, 0x11, 0x2F, 0x2E, 0x38, 0x41, 
0x00, 0x02, 0x00, 0x1C, 0x00, 0x00, 0x02, 0x08, 0x02, 0xC5, 
0x00, 0x0A, 0x00, 0x0D, 0x00, 0x00, 0x25, 0x21, 0x35, 0x01, 
0x33, 0x11, 0x33, 0x15, 0x23, 0x15, 0x23, 0x35, 0x11, 0x03, 
0x01, 0x47, 0xFE, 0xD5, 0x01, 0x42, 0x41, 0x69, 0x69, 0x58, 
0xDE, 0xAA, 0x5D, 0x01, 0xBE, 0xFE, 0x34, 0x4F, 0xAA, 0xF9, 
0x01, 0x36, 0xFE, 0xCA, 0x00, 0x01, 0x00, 0x23, 0xFF, 0xE9, 
0x02, 0x01, 0x02, 0xC5, 0x00, 0x21, 0x00, 0x00, 0x01, 0x15, 
0x21, 0x07, 0x36, 0x33, 0x32, 0x16, 0x16, 0x15, 0x14, 0x06, 
0x06, 0x23, 0x22, 0x2E, 0x03, 0x27, 0x33, 0x16, 0x33, 0x32, 
0x36, 0x35, 0x34, 0x26, 0x23, 0x22, 0x06, 0x07, 0x23, 0x13, 
0x01, 0xDC, 0xFE, 0xD9, 0x1C, 0x3B, 0x48, 0x44, 0x67, 0x3A, 
0x3E, 0x6D, 0x48, 0x3C, 0x51, 0x33, 0x1C, 0x0C, 0x03, 0x58, 
0x1F, 0x72, 0x48, 0x53, 0x54, 0x47, 0x29, 0x3A, 0x1F, 0x51, 
0x35, 0x02, 0xC5, 0x57, 0xC6, 0x2B, 0x3C, 0x6A, 0x46, 0x4B, 
0x72, 0x41, 0x1F, 0x32, 0x36, 0x30, 0x0E, 0x77, 0x58, 0x4C, 
0x4F, 0x5B, 0x1D, 0x25, 0x01, 0x82, 0x00, 0x02, 0x00, 0x2B, 
0xFF, 0xE9, 0x02, 0x01, 0x02, 0xC5, 0x00, 0x1D, 0x00, 0x2B, 
0x00, 0x00, 0x13, 0x34, 0x3E, 0x03, 0x33, 0x32, 0x16, 0x17, 
0x23, 0x26, 0x26, 0x23, 0x22, 0x06, 0x07, 0x36, 0x33, 0x32, 
0x16, 0x16, 0x15, 0x14, 0x06, 0x06, 0x23, 0x22, 0x26, 0x26, 
0x37, 0x22, 0x06, 0x15, 0x14, 0x16, 0x16, 0x33, 0x32, 0x36, 
0x36, 0x35, 0x34, 0x26, 0x2B, 0x20, 0x36, 0x43, 0x46, 0x1F, 
0x51, 0x6B, 0x0D, 0x58, 0x0A, 0x3E, 0x2F, 0x4C, 0x51, 0x01, 
0x3A, 0x69, 0x40, 0x61, 0x38, 0x3C, 0x68, 0x44, 0x58, 0x69, 
0x2D, 0xF2, 0x41, 0x52, 0x26, 0x41, 0x29, 0x29, 0x3F, 0x25, 
0x4A, 0x01, 0x43, 0x62, 0x88, 0x57, 0x2F, 0x12, 0x62, 0x57, 
0x33, 0x38, 0x8B, 0x82, 0x4F, 0x39, 0x66, 0x42, 0x45, 0x6C, 
0x3E, 0x5A, 0x9C, 0x8C, 0x53, 0x42, 0x2D, 0x48, 0x2A, 0x28, 
0x46, 0x2C, 0x47, 0x53, 0x00, 0x01, 0x00, 0x2E, 0x00, 0x00, 
0x02, 0x08, 0x02, 0xC5, 0x00, 0x0D, 0x00, 0x00, 0x01, 0x15, 
0x0E, 0x02, 0x07, 0x23, 0x3E, 0x03, 0x37, 0x21, 0x35, 0x02, 
0x08, 0x50, 0x72, 0x4A, 0x14, 0x5E, 0x14, 0x31, 0x42, 0x5D, 
0x3F, 0xFE, 0x81, 0x02, 0xC5, 0x4A, 0x6A, 0xCE, 0xD1, 0x72, 
0x57, 0x96, 0x8E, 0x99, 0x5A, 0x57, 0x00, 0x03, 0x00, 0x25, 
0xFF, 0xE9, 0x02, 0x01, 0x02, 0xC5, 0x00, 0x19, 0x00, 0x25, 
0x00, 0x31, 0x00, 0x00, 0x01, 0x16, 0x15, 0x14, 0x06, 0x06, 
0x23, 0x22, 0x26, 0x26, 0x35, 0x34, 0x37, 0x26, 0x26, 0x35, 
0x34, 0x36, 0x36, 0x33, 0x32, 0x16, 0x16, 0x15, 0x14, 0x06, 
0x27, 0x22, 0x06, 0x15, 0x14, 0x16, 0x33, 0x32, 0x36, 0x35, 
0x34, 0x26, 0x03, 0x22, 0x06, 0x15, 0x14, 0x16, 0x33, 0x32, 
0x36, 0x35, 0x34, 0x26, 0x01, 0x87, 0x7A, 0x3D, 0x6B, 0x46, 
0x46, 0x6B, 0x3D, 0x79, 0x36, 0x2A, 0x36, 0x61, 0x3E, 0x3F, 
0x60, 0x36, 0x2A, 0xAB, 0x37, 0x44, 0x44, 0x37, 0x38, 0x43, 
0x43, 0x38, 0x42, 0x52, 0x52, 0x40, 0x44, 0x52, 0x52, 0x01, 
0x75, 0x3A, 0x77, 0x40, 0x63, 0x38, 0x38, 0x63, 0x41, 0x76, 
0x3A, 0x22, 0x40, 0x31, 0x38, 0x55, 0x30, 0x30, 0x55, 0x38, 
0x32, 0x40, 0xE1, 0x3D, 0x33, 0x32, 0x3D, 0x3D, 0x31, 0x34, 
0x3D, 0xFE, 0xD7, 0x4D, 0x3E, 0x3E, 0x4E, 0x4D, 0x3F, 0x3E, 
0x4D, 0x00, 0x00, 0x02, 0x00, 0x26, 0xFF, 0xE9, 0x01, 0xFD, 
0x02, 0xC5, 0x00, 0x1E, 0x00, 0x2C, 0x00, 0x00, 0x01, 0x14, 
0x0E, 0x03, 0x23, 0x22, 0x26, 0x27, 0x33, 0x16, 0x16, 0x33, 
0x32, 0x36, 0x37, 0x06, 0x06, 0x23, 0x22, 0x26, 0x26, 0x35, 
0x34, 0x36, 0x36, 0x33, 0x32, 0x16, 0x16, 0x27, 0x22, 0x06, 
0x06, 0x15, 0x14, 0x16, 0x33, 0x32, 0x36, 0x35, 0x34, 0x26, 
0x26, 0x01, 0xFD, 0x20, 0x37, 0x43, 0x46, 0x1F, 0x51, 0x6B, 
0x0D, 0x58, 0x0B, 0x3E, 0x2E, 0x4C, 0x51, 0x01, 0x22, 0x4E, 
0x32, 0x40, 0x62, 0x38, 0x3C, 0x69, 0x43, 0x58, 0x69, 0x2E, 
0xF0, 0x28, 0x40, 0x25, 0x4A, 0x40, 0x41, 0x52, 0x26, 0x41, 
0x01, 0x6B, 0x62, 0x88, 0x57, 0x2F, 0x12, 0x62, 0x57, 0x33, 
0x38, 0x8B, 0x82, 0x29, 0x26, 0x3A, 0x65, 0x42, 0x46, 0x6B, 
0x3E, 0x59, 0x9C, 0xA8, 0x28, 0x46, 0x2D, 0x47, 0x53, 0x54, 
0x41, 0x2E, 0x48, 0x2A, 0x00, 0x02, 0x00, 0x50, 0x00, 0x00, 
0x00, 0xB8, 0x02, 0x0C, 0x00, 0x03, 0x00, 0x07, 0x00, 0x00, 
0x37, 0x15, 0x23, 0x35, 0x13, 0x15, 0x23, 0x35, 0xB8, 0x68, 
0x68, 0x68, 0x68, 0x68, 0x68, 0x01, 0xA4, 0x68, 0x68, 0x00, 
0x00, 0x02, 0x00, 0x50, 0xFF, 0x6D, 0x00, 0xB9, 0x02, 0x0C, 
0x00, 0x03, 0x00, 0x0E, 0x00, 0x00, 0x13, 0x15, 0x23, 0x35, 
0x03, 0x33, 0x15, 0x14, 0x23, 0x35, 0x36, 0x36, 0x35, 0x35, 
0x23, 0xB9, 0x68, 0x01, 0x69, 0x69, 0x1D, 0x18, 0x35, 0x02, 
0x0C, 0x68, 0x68, 0xFE, 0x5C, 0x78, 0x83, 0x26, 0x02, 0x25, 
0x34, 0x12, 0x00, 0x01, 0x00, 0x2D, 0xFF, 0xF7, 0x02, 0x16, 
0x01, 0xDA, 0x00, 0x06, 0x00, 0x00, 0x37, 0x35, 0x25, 0x15, 
0x05, 0x05, 0x15, 0x2D, 0x01, 0xE9, 0xFE, 0x76, 0x01, 0x8A, 
0xC6, 0x45, 0xCF, 0x4F, 0xA1, 0xA4, 0x4F, 0x00, 0x00, 0x02, 
0x00, 0x32, 0x00, 0x6F, 0x02, 0x16, 0x01, 0x61, 0x00, 0x03, 
0x00, 0x07, 0x00, 0x00, 0x01, 0x15, 0x21, 0x35, 0x05, 0x15, 
0x21, 0x35, 0x02, 0x16, 0xFE, 0x1C, 0x01, 0xE4, 0xFE, 0x1C, 
0x01, 0x61, 0x46, 0x46, 0xAC, 0x46, 0x46, 0x00, 0x00, 0x01, 
0x00, 0x32, 0xFF, 0xF7, 0x02, 0x1B, 0x01, 0xDA, 0x00, 0x06, 
0x00, 0x00, 0x01, 0x15, 0x05, 0x35, 0x25, 0x25, 0x35, 0x02, 
0x1B, 0xFE, 0x17, 0x01, 0x8A, 0xFE, 0x76, 0x01, 0x0B, 0x45, 
0xCF, 0x4F, 0xA1, 0xA4, 0x4F, 0x00, 0x00, 0x02, 0x00, 0x4D, 
0x00, 0x00, 0x01, 0xFD, 0x02, 0xE5, 0x00, 0x1C, 0x00, 0x20, 
0x00, 0x00, 0x01, 0x14, 0x0E, 0x03, 0x15, 0x15, 0x23, 0x35, 
0x34, 0x3E, 0x03, 0x35, 0x34, 0x26, 0x23, 0x22, 0x06, 0x06, 
0x15, 0x23, 0x34, 0x36, 0x33, 0x32, 0x16, 0x03, 0x15, 0x23, 
0x35, 0x01, 0xFD, 0x24, 0x35, 0x36, 0x24, 0x5A, 0x24, 0x35, 
0x36, 0x24, 0x46, 0x3A, 0x34, 0x38, 0x15, 0x55, 0x6F, 0x6C, 
0x62, 0x73, 0xB3, 0x5A, 0x02, 0x25, 0x31, 0x45, 0x33, 0x2E, 
0x34, 0x24, 0x2F, 0x37, 0x29, 0x3C, 0x32, 0x31, 0x39, 0x26, 
0x33, 0x3F, 0x29, 0x46, 0x2D, 0x74, 0x76, 0x68, 0xFD, 0xEB, 
0x68, 0x68, 0x00, 0x02, 0x00, 0x22, 0xFF, 0x72, 0x03, 0xB7, 
0x02, 0xE5, 0x00, 0x44, 0x00, 0x53, 0x00, 0x00, 0x01, 0x33, 
0x03, 0x06, 0x15, 0x14, 0x16, 0x33, 0x32, 0x3E, 0x02, 0x35, 
0x34, 0x2E, 0x02, 0x23, 0x22, 0x0E, 0x02, 0x15, 0x14, 0x1E, 
0x02, 0x33, 0x32, 0x36, 0x37, 0x17, 0x06, 0x23, 0x22, 0x2E, 
0x02, 0x35, 0x34, 0x3E, 0x02, 0x33, 0x32, 0x1E, 0x02, 0x15, 
0x14, 0x0E, 0x02, 0x23, 0x22, 0x27, 0x06, 0x23, 0x22, 0x26, 
0x26, 0x35, 0x34, 0x3E, 0x02, 0x33, 0x32, 0x17, 0x03, 0x32, 
0x3E, 0x02, 0x35, 0x34, 0x26, 0x23, 0x22, 0x06, 0x06, 0x15, 
0x14, 0x16, 0x02, 0x99, 0x53, 0x5A, 0x0C, 0x1E, 0x14, 0x20, 
0x3C, 0x30, 0x1C, 0x38, 0x61, 0x7F, 0x48, 0x4F, 0x8E, 0x6D, 
0x3F, 0x39, 0x66, 0x89, 0x4F, 0x29, 0x5B, 0x3D, 0x1C, 0x70, 
0x72, 0x5F, 0xA5, 0x7D, 0x46, 0x4D, 0x88, 0xB2, 0x64, 0x57, 
0x9B, 0x75, 0x43, 0x23, 0x44, 0x66, 0x43, 0x60, 0x0E, 0x42, 
0x4C, 0x2E, 0x4A, 0x2B, 0x2A, 0x48, 0x5D, 0x32, 0x54, 0x26, 
0xBE, 0x24, 0x39, 0x29, 0x16, 0x35, 0x29, 0x2A, 0x49, 0x2E, 
0x3A, 0x01, 0xF5, 0xFE, 0xE8, 0x22, 0x10, 0x12, 0x1A, 0x26, 
0x42, 0x52, 0x2C, 0x3F, 0x6F, 0x55, 0x30, 0x3E, 0x6D, 0x8D, 
0x4F, 0x48, 0x7B, 0x5C, 0x33, 0x0F, 0x11, 0x43, 0x2A, 0x3E, 
0x6E, 0x91, 0x53, 0x62, 0xAE, 0x86, 0x4D, 0x3A, 0x67, 0x87, 
0x4C, 0x38, 0x6E, 0x5B, 0x37, 0x4D, 0x48, 0x30, 0x53, 0x34, 
0x36, 0x64, 0x4E, 0x2D, 0x57, 0xFE, 0xCB, 0x32, 0x4D, 0x52, 
0x21, 0x26, 0x34, 0x3C, 0x62, 0x38, 0x31, 0x45, 0x00, 0x02, 
0x00, 0x0F, 0x00, 0x00, 0x02, 0x8B, 0x02, 0xD9, 0x00, 0x07, 
0x00, 0x0A, 0x00, 0x00, 0x25, 0x21, 0x07, 0x23, 0x01, 0x33, 
0x01, 0x23, 0x0B, 0x02, 0x01, 0xD8, 0xFE, 0xE7, 0x4D, 0x63, 
0x01, 0x04, 0x78, 0x01, 0x00, 0x68, 0x65, 0x70, 0x78, 0xDB, 
0xDB, 0x02, 0xD9, 0xFD, 0x27, 0x01, 0x29, 0x01, 0x4C, 0xFE, 
0xB4, 0x00, 0x00, 0x03, 0x00, 0x50, 0x00, 0x00, 0x02, 0x70, 
0x02, 0xD9, 0x00, 0x10, 0x00, 0x1A, 0x00, 0x24, 0x00, 0x00, 
0x25, 0x14, 0x06, 0x06, 0x23, 0x21, 0x11, 0x21, 0x32, 0x1E, 
0x02, 0x15, 0x14, 0x07, 0x16, 0x16, 0x03, 0x34, 0x26, 0x26, 
0x23, 0x23, 0x15, 0x33, 0x32, 0x36, 0x03, 0x32, 0x36, 0x36, 
0x35, 0x34, 0x26, 0x23, 0x23, 0x15, 0x02, 0x70, 0x36, 0x60, 
0x41, 0xFE, 0xB7, 0x01, 0x28, 0x41, 0x54, 0x30, 0x13, 0x65, 
0x46, 0x3F, 0x7D, 0x29, 0x42, 0x27, 0xB4, 0xB4, 0x42, 0x50, 
0x63, 0x35, 0x38, 0x16, 0x42, 0x41, 0xE3, 0xD0, 0x3E, 0x5E, 
0x34, 0x02, 0xD9, 0x24, 0x39, 0x40, 0x1C, 0x70, 0x2F, 0x1B, 
0x54, 0x01, 0x01, 0x2F, 0x32, 0x13, 0xE8, 0x33, 0xFE, 0x80, 
0x29, 0x3B, 0x19, 0x38, 0x46, 0xFB, 0x00, 0x01, 0x00, 0x28, 
0xFF, 0xE9, 0x02, 0x9D, 0x02, 0xE5, 0x00, 0x1F, 0x00, 0x00, 
0x13, 0x34, 0x3E, 0x03, 0x33, 0x32, 0x17, 0x23, 0x26, 0x26, 
0x23, 0x22, 0x06, 0x06, 0x15, 0x14, 0x16, 0x16, 0x33, 0x32, 
0x36, 0x37, 0x33, 0x02, 0x21, 0x22, 0x2E, 0x03, 0x28, 0x13, 
0x2C, 0x4C, 0x72, 0x50, 0xEE, 0x2B, 0x5F, 0x10, 0x5C, 0x59, 
0x46, 0x67, 0x38, 0x3A, 0x6B, 0x48, 0x5C, 0x5F, 0x10, 0x60, 
0x21, 0xFE, 0xF5, 0x4F, 0x71, 0x4B, 0x2C, 0x12, 0x01, 0x64, 
0x2E, 0x68, 0x66, 0x53, 0x32, 0xEE, 0x4D, 0x4F, 0x49, 0x87, 
0x5E, 0x5B, 0x86, 0x49, 0x68, 0x67, 0xFE, 0xDF, 0x31, 0x52, 
0x64, 0x67, 0x00, 0x02, 0x00, 0x50, 0x00, 0x00, 0x02, 0x92, 
0x02, 0xD9, 0x00, 0x0A, 0x00, 0x13, 0x00, 0x00, 0x33, 0x11, 
0x21, 0x32, 0x16, 0x16, 0x15, 0x14, 0x06, 0x06, 0x23, 0x27, 
0x33, 0x32, 0x36, 0x35, 0x34, 0x26, 0x23, 0x23, 0x50, 0x01, 
0x19, 0x5D, 0x85, 0x47, 0x48, 0x85, 0x5C, 0xBC, 0xAC, 0x6C, 
0x70, 0x70, 0x6C, 0xAC, 0x02, 0xD9, 0x58, 0xA3, 0x71, 0x72, 
0xA3, 0x58, 0x52, 0x90, 0x8A, 0x8C, 0x8F, 0x00, 0x00, 0x01, 
0x00, 0x50, 0x00, 0x00, 0x02, 0x5B, 0x02, 0xD9, 0x00, 0x0B, 
0x00, 0x00, 0x13, 0x15, 0x21, 0x15, 0x21, 0x11, 0x21, 0x15, 
0x21, 0x15, 0x21, 0x15, 0xAD, 0x01, 0xAE, 0xFD, 0xF5, 0x01, 
0xF9, 0xFE, 0x64, 0x01, 0x8D, 0x01, 0x4C, 0xFA, 0x52, 0x02, 
0xD9, 0x52, 0xE9, 0x52, 0x00, 0x01, 0x00, 0x50, 0x00, 0x00, 
0x02, 0x39, 0x02, 0xD9, 0x00, 0x09, 0x00, 0x00, 0x13, 0x11, 
0x23, 0x11, 0x21, 0x15, 0x21, 0x15, 0x21, 0x15, 0xAD, 0x5D, 
0x01, 0xE9, 0xFE, 0x74, 0x01, 0x5C, 0x01, 0x4C, 0xFE, 0xB4, 
0x02, 0xD9, 0x52, 0xE9, 0x52, 0x00, 0x00, 0x01, 0x00, 0x28, 
0xFF, 0xE9, 0x02, 0xC1, 0x02, 0xE5, 0x00, 0x27, 0x00, 0x00, 
0x13, 0x14, 0x1E, 0x03, 0x33, 0x32, 0x36, 0x36, 0x35, 0x35, 
0x23, 0x35, 0x21, 0x11, 0x23, 0x27, 0x06, 0x23, 0x22, 0x26, 
0x26, 0x35, 0x34, 0x3E, 0x03, 0x33, 0x32, 0x16, 0x17, 0x23, 
0x26, 0x26, 0x23, 0x22, 0x06, 0x06, 0x85, 0x0E, 0x23, 0x3C, 
0x59, 0x3F, 0x43, 0x67, 0x3B, 0xDE, 0x01, 0x30, 0x3B, 0x17, 
0x68, 0x91, 0x62, 0x97, 0x55, 0x13, 0x2F, 0x50, 0x78, 0x54, 
0x7D, 0xA1, 0x13, 0x5F, 0x0F, 0x71, 0x53, 0x4D, 0x73, 0x40, 
0x01, 0x6A, 0x23, 0x52, 0x50, 0x42, 0x28, 0x3A, 0x65, 0x41, 
0x14, 0x52, 0xFE, 0x7B, 0x61, 0x74, 0x61, 0xAB, 0x70, 0x2C, 
0x67, 0x66, 0x54, 0x33, 0x7A, 0x6F, 0x47, 0x50, 0x4A, 0x85, 
0x00, 0x01, 0x00, 0x50, 0x00, 0x00, 0x02, 0x81, 0x02, 0xD9, 
0x00, 0x0B, 0x00, 0x00, 0x01, 0x21, 0x11, 0x23, 0x11, 0x33, 
0x11, 0x21, 0x11, 0x33, 0x11, 0x23, 0x02, 0x24, 0xFE, 0x89, 
0x5D, 0x5D, 0x01, 0x77, 0x5D, 0x5D, 0x01, 0x4C, 0xFE, 0xB4, 
0x02, 0xD9, 0xFE, 0xC5, 0x01, 0x3B, 0xFD, 0x27, 0x00, 0x01, 
0x00, 0x64, 0x00, 0x00, 0x00, 0xC2, 0x02, 0xD9, 0x00, 0x03, 
0x00, 0x00, 0x13, 0x11, 0x23, 0x11, 0xC2, 0x5E, 0x02, 0xD9, 
0xFD, 0x27, 0x02, 0xD9, 0x00, 0x01, 0x00, 0x23, 0xFF, 0xE9, 
0x01, 0xBC, 0x02, 0xD9, 0x00, 0x12, 0x00, 0x00, 0x37, 0x32, 
0x36, 0x36, 0x35, 0x11, 0x33, 0x11, 0x14, 0x06, 0x23, 0x22, 
0x26, 0x35, 0x35, 0x33, 0x15, 0x14, 0x16, 0xEF, 0x2E, 0x30, 
0x12, 0x5D, 0x6F, 0x5F, 0x5E, 0x6D, 0x5F, 0x39, 0x37, 0x2A, 
0x49, 0x2E, 0x02, 0x01, 0xFD, 0xDD, 0x5E, 0x6F, 0x69, 0x58, 
0x40, 0x2F, 0x40, 0x44, 0x00, 0x01, 0x00, 0x50, 0x00, 0x00, 
0x02, 0x93, 0x02, 0xD9, 0x00, 0x0B, 0x00, 0x00, 0x37, 0x15, 
0x23, 0x11, 0x33, 0x11, 0x01, 0x33, 0x01, 0x01, 0x23, 0x01, 
0xAD, 0x5D, 0x5D, 0x01, 0x6B, 0x78, 0xFE, 0xD7, 0x01, 0x2C, 
0x6E, 0xFE, 0xFF, 0xFF, 0xFF, 0x02, 0xD9, 0xFE, 0x8F, 0x01, 
0x71, 0xFE, 0xD7, 0xFE, 0x50, 0x01, 0x76, 0x00, 0x00, 0x01, 
0x00, 0x50, 0x00, 0x00, 0x02, 0x15, 0x02, 0xD9, 0x00, 0x05, 
0x00, 0x00, 0x13, 0x11, 0x21, 0x15, 0x21, 0x11, 0xAD, 0x01, 
0x68, 0xFE, 0x3B, 0x02, 0xD9, 0xFD, 0x79, 0x52, 0x02, 0xD9, 
0x00, 0x01, 0x00, 0x50, 0x00, 0x00, 0x02, 0xFE, 0x02, 0xD9, 
0x00, 0x0C, 0x00, 0x00, 0x21, 0x23, 0x03, 0x11, 0x23, 0x11, 
0x33, 0x13, 0x13, 0x33, 0x11, 0x23, 0x11, 0x01, 0xD9, 0x62, 
0xCF, 0x58, 0x81, 0xD8, 0xD4, 0x81, 0x58, 0x02, 0x63, 0xFD, 
0x9D, 0x02, 0xD9, 0xFD, 0x85, 0x02, 0x7B, 0xFD, 0x27, 0x02, 
0x63, 0x00, 0x00, 0x01, 0x00, 0x50, 0x00, 0x00, 0x02, 0x8A, 
0x02, 0xD9, 0x00, 0x09, 0x00, 0x00, 0x01, 0x11, 0x23, 0x01, 
0x11, 0x23, 0x11, 0x33, 0x01, 0x11, 0x02, 0x8A, 0x69, 0xFE, 
0x87, 0x58, 0x65, 0x01, 0x7D, 0x02, 0xD9, 0xFD, 0x27, 0x02, 
0x4F, 0xFD, 0xB1, 0x02, 0xD9, 0xFD, 0xAC, 0x02, 0x54, 0x00, 
0x00, 0x02, 0x00, 0x28, 0xFF, 0xE9, 0x02, 0xE8, 0x02, 0xE5, 
0x00, 0x10, 0x00, 0x20, 0x00, 0x00, 0x01, 0x14, 0x0E, 0x02, 
0x23, 0x22, 0x26, 0x26, 0x35, 0x34, 0x36, 0x36, 0x33, 0x32, 
0x16, 0x16, 0x25, 0x22, 0x06, 0x06, 0x15, 0x14, 0x16, 0x16, 
0x33, 0x32, 0x36, 0x36, 0x35, 0x34, 0x26, 0x26, 0x02, 0xE8, 
0x30, 0x5C, 0x82, 0x52, 0x69, 0x9F, 0x58, 0x58, 0x9F, 0x68, 
0x6B, 0x9F, 0x57, 0xFE, 0x9F, 0x4D, 0x74, 0x41, 0x41, 0x75, 
0x4D, 0x4D, 0x75, 0x41, 0x40, 0x75, 0x01, 0x61, 0x4F, 0x88, 
0x67, 0x3A, 0x60, 0xAC, 0x72, 0x72, 0xAC, 0x60, 0x60, 0xAE, 
0xBC, 0x4B, 0x87, 0x5A, 0x5A, 0x87, 0x4B, 0x4B, 0x85, 0x58, 
0x5C, 0x89, 0x4B, 0x00, 0x00, 0x02, 0x00, 0x50, 0x00, 0x00, 
0x02, 0x5E, 0x02, 0xD9, 0x00, 0x0B, 0x00, 0x14, 0x00, 0x00, 
0x01, 0x14, 0x06, 0x06, 0x23, 0x23, 0x11, 0x23, 0x11, 0x21, 
0x32, 0x16, 0x05, 0x33, 0x32, 0x36, 0x35, 0x34, 0x26, 0x23, 
0x23, 0x02, 0x5E, 0x34, 0x5C, 0x3C, 0xE5, 0x5D, 0x01, 0x2D, 
0x6C, 0x75, 0xFE, 0x4F, 0xC2, 0x43, 0x4B, 0x4B, 0x43, 0xC2, 
0x02, 0x03, 0x3E, 0x5D, 0x33, 0xFE, 0xCB, 0x02, 0xD9, 0x6F, 
0xE3, 0x44, 0x3C, 0x3C, 0x44, 0x00, 0x00, 0x02, 0x00, 0x28, 
0xFF, 0xC5, 0x02, 0xE8, 0x02, 0xE5, 0x00, 0x12, 0x00, 0x26, 
0x00, 0x00, 0x05, 0x07, 0x27, 0x06, 0x23, 0x22, 0x26, 0x26, 
0x35, 0x34, 0x36, 0x36, 0x33, 0x32, 0x16, 0x16, 0x15, 0x14, 
0x07, 0x27, 0x17, 0x36, 0x35, 0x34, 0x26, 0x26, 0x23, 0x22, 
0x06, 0x06, 0x15, 0x14, 0x16, 0x16, 0x33, 0x32, 0x36, 0x37, 
0x27, 0x02, 0xDF, 0x2F, 0x69, 0x56, 0x69, 0x69, 0x9F, 0x58, 
0x58, 0x9F, 0x69, 0x69, 0x9F, 0x58, 0x67, 0x9E, 0x59, 0x4F, 
0x41, 0x74, 0x4E, 0x4D, 0x75, 0x41, 0x40, 0x75, 0x4D, 0x21, 
0x37, 0x20, 0x4A, 0x01, 0x3A, 0x57, 0x33, 0x60, 0xAC, 0x72, 
0x72, 0xAC, 0x60, 0x60, 0xAB, 0x71, 0xAC, 0x71, 0x81, 0x49, 
0x59, 0x8B, 0x5A, 0x86, 0x4B, 0x4B, 0x87, 0x5A, 0x5A, 0x87, 
0x4B, 0x0D, 0x0F, 0x3E, 0x00, 0x02, 0x00, 0x50, 0x00, 0x00, 
0x02, 0x9A, 0x02, 0xD9, 0x00, 0x1D, 0x00, 0x27, 0x00, 0x00, 
0x01, 0x1E, 0x02, 0x15, 0x14, 0x06, 0x15, 0x14, 0x16, 0x17, 
0x15, 0x23, 0x26, 0x26, 0x35, 0x35, 0x34, 0x26, 0x23, 0x23, 
0x11, 0x23, 0x11, 0x21, 0x32, 0x16, 0x15, 0x14, 0x06, 0x27, 
0x34, 0x26, 0x26, 0x23, 0x23, 0x15, 0x33, 0x32, 0x36, 0x02, 
0x0B, 0x2E, 0x2A, 0x0C, 0x01, 0x0F, 0x1D, 0x71, 0x0A, 0x0A, 
0x3A, 0x3E, 0xF0, 0x5D, 0x01, 0x50, 0x6B, 0x73, 0x35, 0x2C, 
0x27, 0x41, 0x27, 0xE1, 0xE1, 0x4A, 0x45, 0x01, 0x68, 0x13, 
0x37, 0x40, 0x21, 0x0D, 0x1A, 0x0C, 0x23, 0x3C, 0x14, 0x17, 
0x17, 0x3E, 0x22, 0x41, 0x44, 0x3E, 0xFE, 0xC6, 0x02, 0xD9, 
0x64, 0x5F, 0x3E, 0x52, 0x83, 0x34, 0x36, 0x14, 0xFB, 0x3D, 
0x00, 0x01, 0x00, 0x30, 0xFF, 0xE9, 0x02, 0x6D, 0x02, 0xE5, 
0x00, 0x2F, 0x00, 0x00, 0x25, 0x32, 0x3E, 0x02, 0x35, 0x34, 
0x26, 0x27, 0x27, 0x26, 0x35, 0x34, 0x36, 0x33, 0x32, 0x16, 
0x17, 0x23, 0x26, 0x26, 0x23, 0x22, 0x06, 0x15, 0x14, 0x16, 
0x17, 0x17, 0x16, 0x16, 0x15, 0x14, 0x0E, 0x02, 0x23, 0x22, 
0x2E, 0x02, 0x27, 0x33, 0x15, 0x14, 0x1E, 0x02, 0x01, 0x56, 
0x3B, 0x4A, 0x27, 0x0E, 0x41, 0x45, 0xB5, 0x8F, 0x8B, 0x78, 
0x7E, 0x8C, 0x01, 0x58, 0x01, 0x5E, 0x57, 0x49, 0x5A, 0x36, 
0x42, 0xB7, 0x4A, 0x51, 0x1A, 0x3E, 0x6F, 0x56, 0x2F, 0x64, 
0x56, 0x36, 0x01, 0x58, 0x12, 0x2E, 0x50, 0x3B, 0x1A, 0x29, 
0x2E, 0x13, 0x2B, 0x39, 0x12, 0x30, 0x25, 0x85, 0x63, 0x73, 
0x77, 0x6B, 0x47, 0x4D, 0x43, 0x38, 0x2A, 0x30, 0x12, 0x31, 
0x14, 0x5F, 0x44, 0x21, 0x4D, 0x45, 0x2C, 0x16, 0x38, 0x63, 
0x4E, 0x05, 0x1C, 0x3B, 0x32, 0x1F, 0x00, 0x01, 0x00, 0x1E, 
0x00, 0x00, 0x02, 0x5A, 0x02, 0xD9, 0x00, 0x07, 0x00, 0x00, 
0x01, 0x11, 0x23, 0x11, 0x23, 0x35, 0x21, 0x15, 0x01, 0x6B, 
0x5D, 0xF0, 0x02, 0x3C, 0x02, 0x87, 0xFD, 0x79, 0x02, 0x87, 
0x52, 0x52, 0x00, 0x01, 0x00, 0x50, 0xFF, 0xE9, 0x02, 0x80, 
0x02, 0xD9, 0x00, 0x12, 0x00, 0x00, 0x01, 0x33, 0x11, 0x14, 
0x06, 0x06, 0x23, 0x22, 0x26, 0x35, 0x11, 0x33, 0x11, 0x14, 
0x16, 0x33, 0x32, 0x36, 0x35, 0x02, 0x23, 0x5D, 0x45, 0x7E, 
0x56, 0x82, 0x95, 0x5D, 0x6A, 0x50, 0x58, 0x64, 0x02, 0xD9, 
0xFE, 0x00, 0x49, 0x6C, 0x3B, 0x81, 0x6F, 0x02, 0x00, 0xFE, 
0x00, 0x52, 0x4C, 0x55, 0x49, 0x00, 0x00, 0x01, 0x00, 0x0F, 
0x00, 0x00, 0x02, 0x76, 0x02, 0xD9, 0x00, 0x06, 0x00, 0x00, 
0x21, 0x23, 0x01, 0x33, 0x13, 0x13, 0x33, 0x01, 0x79, 0x64, 
0xFE, 0xFA, 0x64, 0xD6, 0xCA, 0x63, 0x02, 0xD9, 0xFD, 0x97, 
0x02, 0x69, 0x00, 0x01, 0x00, 0x0F, 0x00, 0x00, 0x03, 0x9A, 
0x02, 0xD9, 0x00, 0x0C, 0x00, 0x00, 0x21, 0x23, 0x03, 0x03, 
0x23, 0x03, 0x33, 0x13, 0x13, 0x33, 0x13, 0x13, 0x33, 0x02, 
0xE1, 0x66, 0xA8, 0xA3, 0x66, 0xBB, 0x68, 0x89, 0xA2, 0x64, 
0xA6, 0x86, 0x68, 0x02, 0x57, 0xFD, 0xA9, 0x02, 0xD9, 0xFD, 
0xB0, 0x02, 0x50, 0xFD, 0xB0, 0x02, 0x50, 0x00, 0x00, 0x01, 
0x00, 0x0F, 0x00, 0x00, 0x02, 0x82, 0x02, 0xD9, 0x00, 0x0B, 
0x00, 0x00, 0x01, 0x01, 0x23, 0x03, 0x03, 0x23, 0x01, 0x03, 
0x33, 0x13, 0x13, 0x33, 0x01, 0x80, 0x01, 0x02, 0x73, 0xC7, 
0xC8, 0x71, 0x01, 0x02, 0xF2, 0x71, 0xBB, 0xBC, 0x6F, 0x01, 
0x76, 0xFE, 0x8A, 0x01, 0x30, 0xFE, 0xD0, 0x01, 0x76, 0x01, 
0x63, 0xFE, 0xE2, 0x01, 0x1E, 0x00, 0x00, 0x01, 0x00, 0x0F, 
0x00, 0x00, 0x02, 0x97, 0x02, 0xD9, 0x00, 0x08, 0x00, 0x00, 
0x01, 0x11, 0x23, 0x11, 0x01, 0x33, 0x13, 0x13, 0x33, 0x01, 
0x85, 0x5D, 0xFE, 0xE7, 0x73, 0xD6, 0xD0, 0x6F, 0x01, 0x1E, 
0xFE, 0xE2, 0x01, 0x1E, 0x01, 0xBB, 0xFE, 0x9D, 0x01, 0x63, 
0x00, 0x01, 0x00, 0x1E, 0x00, 0x00, 0x02, 0x49, 0x02, 0xD9, 
0x00, 0x09, 0x00, 0x00, 0x01, 0x15, 0x01, 0x21, 0x15, 0x21, 
0x35, 0x01, 0x21, 0x35, 0x02, 0x47, 0xFE, 0x4C, 0x01, 0xB6, 
0xFD, 0xD5, 0x01, 0xB6, 0xFE, 0x66, 0x02, 0xD9, 0x54, 0xFD, 
0xCD, 0x52, 0x52, 0x02, 0x35, 0x52, 0x00, 0x01, 0x00, 0x40, 
0xFF, 0x2C, 0x00, 0xFA, 0x02, 0xD9, 0x00, 0x07, 0x00, 0x00, 
0x13, 0x15, 0x23, 0x11, 0x33, 0x15, 0x23, 0x11, 0xFA, 0x67, 
0x67, 0xBA, 0x02, 0xD9, 0x48, 0xFC, 0xE3, 0x48, 0x03, 0xAD, 
0x00, 0x01, 0xFF, 0xF8, 0xFF, 0xEC, 0x01, 0x1C, 0x02, 0xD9, 
0x00, 0x03, 0x00, 0x00, 0x13, 0x13, 0x23, 0x03, 0x2F, 0xED, 
0x37, 0xED, 0x02, 0xD9, 0xFD, 0x13, 0x02, 0xED, 0x00, 0x01, 
0x00, 0x16, 0xFF, 0x2C, 0x00, 0xD0, 0x02, 0xD9, 0x00, 0x07, 
0x00, 0x00, 0x17, 0x35, 0x33, 0x11, 0x23, 0x35, 0x33, 0x11, 
0x16, 0x67, 0x67, 0xBA, 0xD4, 0x48, 0x03, 0x1D, 0x48, 0xFC, 
0x53, 0x00, 0x00, 0x01, 0x00, 0x2C, 0x01, 0x49, 0x01, 0xA9, 
0x02, 0xC5, 0x00, 0x06, 0x00, 0x00, 0x13, 0x33, 0x13, 0x23, 
0x03, 0x03, 0x23, 0xC5, 0x49, 0x9B, 0x45, 0x7A, 0x79, 0x45, 
0x02, 0xC5, 0xFE, 0x84, 0x01, 0x2C, 0xFE, 0xD4, 0x00, 0x01, 
0xFF, 0xEA, 0xFF, 0x50, 0x02, 0x42, 0xFF, 0x82, 0x00, 0x03, 
0x00, 0x00, 0x05, 0x15, 0x21, 0x35, 0x02, 0x42, 0xFD, 0xA8, 
0x7E, 0x32, 0x32, 0x00, 0x00, 0x01, 0x00, 0x16, 0x02, 0x50, 
0x00, 0xE7, 0x02, 0xE4, 0x00, 0x03, 0x00, 0x00, 0x13, 0x17, 
0x23, 0x27, 0x87, 0x60, 0x3C, 0x95, 0x02, 0xE4, 0x94, 0x94, 
0x00, 0x02, 0x00, 0x1E, 0xFF, 0xE9, 0x02, 0x0B, 0x02, 0x1B, 
0x00, 0x2A, 0x00, 0x38, 0x00, 0x00, 0x13, 0x3E, 0x03, 0x33, 
0x32, 0x16, 0x15, 0x11, 0x14, 0x33, 0x32, 0x36, 0x37, 0x15, 
0x06, 0x06, 0x23, 0x22, 0x26, 0x27, 0x06, 0x06, 0x23, 0x22, 
0x26, 0x35, 0x34, 0x3E, 0x02, 0x37, 0x36, 0x36, 0x35, 0x35, 
0x34, 0x26, 0x23, 0x22, 0x06, 0x07, 0x13, 0x32, 0x36, 0x36, 
0x35, 0x35, 0x0E, 0x04, 0x15, 0x14, 0x16, 0x35, 0x02, 0x27, 
0x3D, 0x49, 0x23, 0x61, 0x64, 0x2D, 0x04, 0x07, 0x07, 0x14, 
0x18, 0x0D, 0x28, 0x29, 0x05, 0x2C, 0x54, 0x32, 0x4F, 0x5D, 
0x26, 0x45, 0x60, 0x39, 0x32, 0x25, 0x3D, 0x38, 0x3A, 0x3C, 
0x05, 0x53, 0x32, 0x46, 0x25, 0x19, 0x44, 0x46, 0x3C, 0x25, 
0x36, 0x01, 0x71, 0x35, 0x43, 0x24, 0x0E, 0x49, 0x46, 0xFE, 
0xCC, 0x29, 0x01, 0x01, 0x3F, 0x05, 0x04, 0x25, 0x28, 0x28, 
0x25, 0x54, 0x47, 0x35, 0x3D, 0x22, 0x11, 0x07, 0x06, 0x1A, 
0x1A, 0x16, 0x26, 0x28, 0x2D, 0x30, 0xFE, 0xC1, 0x25, 0x35, 
0x19, 0x5E, 0x0C, 0x0B, 0x0A, 0x13, 0x26, 0x23, 0x28, 0x2C, 
0x00, 0x02, 0x00, 0x3C, 0xFF, 0xE9, 0x02, 0x11, 0x02, 0xD9, 
0x00, 0x0F, 0x00, 0x1C, 0x00, 0x00, 0x13, 0x33, 0x11, 0x36, 
0x33, 0x32, 0x16, 0x15, 0x14, 0x06, 0x06, 0x23, 0x22, 0x27, 
0x15, 0x23, 0x13, 0x22, 0x06, 0x15, 0x14, 0x16, 0x33, 0x32, 
0x36, 0x36, 0x35, 0x34, 0x26, 0x3C, 0x53, 0x39, 0x69, 0x68, 
0x78, 0x38, 0x67, 0x45, 0x6B, 0x3B, 0x4B, 0xE5, 0x42, 0x50, 
0x50, 0x42, 0x2E, 0x44, 0x27, 0x53, 0x02, 0xD9, 0xFE, 0xEC, 
0x56, 0x93, 0x80, 0x57, 0x81, 0x47, 0x5A, 0x43, 0x01, 0xCD, 
0x6F, 0x5C, 0x5C, 0x6F, 0x32, 0x5B, 0x3B, 0x5E, 0x70, 0x00, 
0x00, 0x01, 0x00, 0x1E, 0xFF, 0xE9, 0x01, 0xDC, 0x02, 0x1B, 
0x00, 0x1A, 0x00, 0x00, 0x01, 0x23, 0x26, 0x26, 0x23, 0x22, 
0x06, 0x15, 0x14, 0x16, 0x33, 0x32, 0x37, 0x33, 0x06, 0x06, 
0x23, 0x22, 0x26, 0x26, 0x35, 0x34, 0x36, 0x36, 0x33, 0x32, 
0x16, 0x01, 0xD6, 0x54, 0x07, 0x40, 0x35, 0x44, 0x4D, 0x4E, 
0x45, 0x6B, 0x15, 0x54, 0x07, 0x71, 0x5E, 0x47, 0x68, 0x39, 
0x3A, 0x69, 0x46, 0x5A, 0x6E, 0x01, 0x5C, 0x37, 0x3B, 0x6F, 
0x62, 0x5D, 0x6A, 0x7E, 0x60, 0x6B, 0x44, 0x7C, 0x54, 0x57, 
0x81, 0x46, 0x61, 0x00, 0x00, 0x02, 0x00, 0x1E, 0xFF, 0xE9, 
0x01, 0xF3, 0x02, 0xD9, 0x00, 0x10, 0x00, 0x1C, 0x00, 0x00, 
0x01, 0x11, 0x23, 0x35, 0x06, 0x06, 0x23, 0x22, 0x26, 0x35, 
0x34, 0x36, 0x36, 0x33, 0x32, 0x17, 0x11, 0x03, 0x22, 0x06, 
0x15, 0x14, 0x16, 0x33, 0x32, 0x36, 0x35, 0x34, 0x26, 0x01, 
0xF3, 0x4A, 0x22, 0x4F, 0x36, 0x6A, 0x7A, 0x38, 0x65, 0x44, 
0x6C, 0x35, 0x93, 0x44, 0x54, 0x54, 0x45, 0x42, 0x50, 0x4F, 
0x02, 0xD9, 0xFD, 0x27, 0x45, 0x31, 0x2B, 0x99, 0x85, 0x54, 
0x7C, 0x44, 0x51, 0x01, 0x0F, 0xFE, 0xF4, 0x6F, 0x5C, 0x5B, 
0x70, 0x6E, 0x5B, 0x5E, 0x6F, 0x00, 0x00, 0x02, 0x00, 0x1E, 
0xFF, 0xE9, 0x01, 0xF7, 0x02, 0x1B, 0x00, 0x13, 0x00, 0x1B, 
0x00, 0x00, 0x25, 0x21, 0x16, 0x16, 0x33, 0x32, 0x37, 0x33, 
0x06, 0x06, 0x23, 0x22, 0x26, 0x35, 0x34, 0x36, 0x36, 0x33, 
0x32, 0x16, 0x05, 0x21, 0x34, 0x26, 0x26, 0x23, 0x22, 0x06, 
0x01, 0xF7, 0xFE, 0x7E, 0x02, 0x4F, 0x49, 0x66, 0x23, 0x54, 
0x10, 0x76, 0x5A, 0x6E, 0x80, 0x3B, 0x6C, 0x49, 0x7A, 0x6F, 
0xFE, 0x80, 0x01, 0x27, 0x25, 0x41, 0x2B, 0x3F, 0x52, 0xEA, 
0x50, 0x64, 0x69, 0x55, 0x61, 0x95, 0x81, 0x56, 0x80, 0x46, 
0xA2, 0x4B, 0x2D, 0x49, 0x2A, 0x57, 0x00, 0x01, 0x00, 0x14, 
0x00, 0x00, 0x01, 0x04, 0x02, 0xDC, 0x00, 0x16, 0x00, 0x00, 
0x01, 0x15, 0x23, 0x11, 0x23, 0x11, 0x23, 0x35, 0x33, 0x35, 
0x34, 0x36, 0x33, 0x32, 0x16, 0x17, 0x15, 0x26, 0x22, 0x23, 
0x22, 0x15, 0x15, 0x01, 0x04, 0x57, 0x53, 0x46, 0x46, 0x41, 
0x3A, 0x0D, 0x14, 0x0E, 0x0E, 0x0A, 0x05, 0x3A, 0x02, 0x0C, 
0x44, 0xFE, 0x38, 0x01, 0xC8, 0x44, 0x59, 0x38, 0x3F, 0x02, 
0x03, 0x45, 0x01, 0x35, 0x52, 0x00, 0x00, 0x02, 0x00, 0x1E, 
0xFF, 0x26, 0x01, 0xEA, 0x02, 0x1B, 0x00, 0x22, 0x00, 0x2E, 
0x00, 0x00, 0x17, 0x22, 0x26, 0x26, 0x35, 0x34, 0x36, 0x36, 
0x33, 0x32, 0x17, 0x27, 0x33, 0x11, 0x14, 0x0E, 0x02, 0x23, 
0x22, 0x26, 0x27, 0x33, 0x1E, 0x03, 0x33, 0x32, 0x36, 0x36, 
0x35, 0x35, 0x06, 0x06, 0x03, 0x22, 0x06, 0x15, 0x14, 0x16, 
0x33, 0x32, 0x36, 0x35, 0x34, 0x26, 0xF6, 0x3B, 0x63, 0x3A, 
0x38, 0x65, 0x42, 0x62, 0x3E, 0x0A, 0x57, 0x12, 0x31, 0x5C, 
0x4B, 0x5C, 0x6E, 0x07, 0x55, 0x05, 0x21, 0x2A, 0x25, 0x0A, 
0x3B, 0x3F, 0x18, 0x23, 0x4A, 0x22, 0x43, 0x4E, 0x4E, 0x44, 
0x42, 0x4C, 0x4B, 0x17, 0x43, 0x7C, 0x55, 0x55, 0x81, 0x48, 
0x5B, 0x4C, 0xFE, 0x4A, 0x44, 0x70, 0x51, 0x2B, 0x54, 0x4A, 
0x20, 0x24, 0x10, 0x04, 0x2E, 0x56, 0x3C, 0x1B, 0x31, 0x2D, 
0x01, 0xE5, 0x6D, 0x5F, 0x5F, 0x6D, 0x6B, 0x5E, 0x62, 0x6D, 
0x00, 0x01, 0x00, 0x3C, 0x00, 0x00, 0x01, 0xDC, 0x02, 0xD9, 
0x00, 0x14, 0x00, 0x00, 0x01, 0x34, 0x26, 0x26, 0x23, 0x22, 
0x06, 0x15, 0x11, 0x23, 0x11, 0x33, 0x11, 0x36, 0x36, 0x33, 
0x32, 0x16, 0x15, 0x11, 0x23, 0x01, 0x89, 0x24, 0x32, 0x16, 
0x40, 0x4E, 0x53, 0x53, 0x25, 0x4C, 0x37, 0x4D, 0x58, 0x53, 
0x01, 0x6B, 0x29, 0x2D, 0x11, 0x61, 0x50, 0xFE, 0xDF, 0x02, 
0xD9, 0xFE, 0xEB, 0x30, 0x27, 0x4D, 0x42, 0xFE, 0x74, 0x00, 
0x00, 0x02, 0x00, 0x42, 0x00, 0x00, 0x00, 0x96, 0x02, 0xD9, 
0x00, 0x03, 0x00, 0x07, 0x00, 0x00, 0x13, 0x11, 0x23, 0x11, 
0x37, 0x15, 0x23, 0x35, 0x96, 0x53, 0x53, 0x54, 0x02, 0x0C, 
0xFD, 0xF4, 0x02, 0x0C, 0xCD, 0x69, 0x69, 0x00, 0x00, 0x02, 
0x00, 0x00, 0xFF, 0x26, 0x00, 0xAB, 0x02, 0xD9, 0x00, 0x0E, 
0x00, 0x12, 0x00, 0x00, 0x13, 0x33, 0x11, 0x14, 0x23, 0x22, 
0x26, 0x27, 0x35, 0x16, 0x16, 0x33, 0x32, 0x36, 0x35, 0x13, 
0x15, 0x23, 0x35, 0x58, 0x53, 0x8F, 0x0A, 0x0A, 0x08, 0x05, 
0x0D, 0x05, 0x25, 0x1C, 0x53, 0x53, 0x02, 0x0C, 0xFD, 0x87, 
0x6D, 0x02, 0x01, 0x47, 0x01, 0x01, 0x1F, 0x27, 0x03, 0x25, 
0x69, 0x69, 0x00, 0x01, 0x00, 0x3C, 0x00, 0x00, 0x01, 0xF8, 
0x02, 0xD9, 0x00, 0x0B, 0x00, 0x00, 0x13, 0x11, 0x37, 0x33, 
0x07, 0x13, 0x23, 0x03, 0x07, 0x15, 0x23, 0x11, 0x8F, 0xDE, 
0x6B, 0xB6, 0xD6, 0x67, 0xB1, 0x51, 0x53, 0x02, 0xD9, 0xFE, 
0x55, 0xDE, 0xB5, 0xFE, 0xA9, 0x01, 0x1C, 0x50, 0xCC, 0x02, 
0xD9, 0x00, 0x00, 0x01, 0x00, 0x3C, 0x00, 0x00, 0x00, 0x90, 
0x02, 0xD9, 0x00, 0x03, 0x00, 0x00, 0x13, 0x11, 0x23, 0x11, 
0x90, 0x54, 0x02, 0xD9, 0xFD, 0x27, 0x02, 0xD9, 0x00, 0x01, 
0x00, 0x3C, 0x00, 0x00, 0x02, 0xF0, 0x02, 0x1B, 0x00, 0x24, 
0x00, 0x00, 0x13, 0x33, 0x15, 0x36, 0x36, 0x33, 0x32, 0x16, 
0x17, 0x36, 0x36, 0x33, 0x32, 0x16, 0x15, 0x11, 0x23, 0x11, 
0x34, 0x26, 0x23, 0x22, 0x06, 0x06, 0x15, 0x11, 0x23, 0x11, 
0x34, 0x26, 0x23, 0x22, 0x06, 0x06, 0x15, 0x11, 0x23, 0x3C, 
0x4D, 0x22, 0x4B, 0x34, 0x33, 0x43, 0x17, 0x25, 0x48, 0x34, 
0x4A, 0x4E, 0x54, 0x33, 0x2E, 0x22, 0x38, 0x21, 0x54, 0x32, 
0x2F, 0x22, 0x38, 0x21, 0x54, 0x02, 0x0C, 0x4A, 0x2F, 0x2A, 
0x26, 0x2A, 0x2C, 0x24, 0x4B, 0x47, 0xFE, 0x77, 0x01, 0x69, 
0x32, 0x37, 0x25, 0x3E, 0x26, 0xFE, 0xB7, 0x01, 0x69, 0x32, 
0x37, 0x25, 0x3E, 0x26, 0xFE, 0xB7, 0x00, 0x01, 0x00, 0x3C, 
0x00, 0x00, 0x01, 0xDD, 0x02, 0x1B, 0x00, 0x13, 0x00, 0x00, 
0x13, 0x33, 0x15, 0x36, 0x36, 0x33, 0x32, 0x16, 0x15, 0x11, 
0x23, 0x11, 0x34, 0x26, 0x23, 0x22, 0x06, 0x15, 0x11, 0x23, 
0x3C, 0x4D, 0x23, 0x51, 0x3A, 0x4C, 0x5A, 0x53, 0x3A, 0x32, 
0x40, 0x4E, 0x54, 0x02, 0x0C, 0x58, 0x37, 0x30, 0x4E, 0x41, 
0xFE, 0x74, 0x01, 0x6B, 0x2F, 0x38, 0x61, 0x50, 0xFE, 0xDF, 
0x00, 0x02, 0x00, 0x1E, 0xFF, 0xE9, 0x01, 0xF8, 0x02, 0x1B, 
0x00, 0x0B, 0x00, 0x17, 0x00, 0x00, 0x01, 0x32, 0x16, 0x15, 
0x14, 0x06, 0x23, 0x22, 0x26, 0x35, 0x34, 0x36, 0x17, 0x22, 
0x06, 0x15, 0x14, 0x16, 0x33, 0x32, 0x36, 0x35, 0x34, 0x26, 
0x01, 0x0A, 0x71, 0x7D, 0x7F, 0x6E, 0x70, 0x7D, 0x7E, 0x6F, 
0x46, 0x50, 0x50, 0x46, 0x45, 0x51, 0x4F, 0x02, 0x1B, 0x95, 
0x88, 0x81, 0x94, 0x95, 0x84, 0x84, 0x95, 0x4D, 0x6D, 0x5F, 
0x5F, 0x6D, 0x6D, 0x5C, 0x62, 0x6D, 0x00, 0x02, 0x00, 0x3C, 
0xFF, 0x26, 0x02, 0x11, 0x02, 0x1B, 0x00, 0x11, 0x00, 0x1D, 
0x00, 0x00, 0x17, 0x11, 0x33, 0x15, 0x36, 0x33, 0x32, 0x16, 
0x16, 0x15, 0x14, 0x06, 0x06, 0x23, 0x22, 0x26, 0x27, 0x11, 
0x13, 0x22, 0x06, 0x15, 0x14, 0x16, 0x33, 0x32, 0x36, 0x35, 
0x34, 0x26, 0x3C, 0x4D, 0x3B, 0x6C, 0x46, 0x64, 0x37, 0x38, 
0x64, 0x44, 0x33, 0x4D, 0x21, 0x92, 0x42, 0x50, 0x50, 0x42, 
0x44, 0x54, 0x53, 0xDA, 0x02, 0xE6, 0x4F, 0x5E, 0x46, 0x80, 
0x58, 0x53, 0x7D, 0x44, 0x26, 0x28, 0xFE, 0xEF, 0x02, 0xA7, 
0x6F, 0x5C, 0x5C, 0x6F, 0x6F, 0x59, 0x5E, 0x70, 0x00, 0x02, 
0x00, 0x1E, 0xFF, 0x26, 0x01, 0xF3, 0x02, 0x1B, 0x00, 0x10, 
0x00, 0x1C, 0x00, 0x00, 0x05, 0x23, 0x11, 0x06, 0x06, 0x23, 
0x22, 0x26, 0x35, 0x34, 0x36, 0x36, 0x33, 0x32, 0x17, 0x35, 
0x33, 0x07, 0x22, 0x06, 0x15, 0x14, 0x16, 0x33, 0x32, 0x36, 
0x35, 0x34, 0x26, 0x01, 0xF3, 0x53, 0x1D, 0x4E, 0x37, 0x67, 
0x79, 0x39, 0x66, 0x45, 0x6B, 0x3C, 0x4A, 0xE5, 0x45, 0x54, 
0x54, 0x45, 0x42, 0x50, 0x4F, 0xDA, 0x01, 0x16, 0x2B, 0x28, 
0x94, 0x7F, 0x57, 0x81, 0x47, 0x55, 0x46, 0x3F, 0x70, 0x5B, 
0x5B, 0x70, 0x6E, 0x5A, 0x5F, 0x6F, 0x00, 0x01, 0x00, 0x3C, 
0x00, 0x00, 0x01, 0x38, 0x02, 0x1B, 0x00, 0x0F, 0x00, 0x00, 
0x01, 0x0E, 0x02, 0x15, 0x11, 0x23, 0x11, 0x33, 0x15, 0x36, 
0x36, 0x33, 0x32, 0x16, 0x17, 0x01, 0x38, 0x32, 0x4C, 0x2A, 
0x54, 0x4D, 0x24, 0x43, 0x28, 0x08, 0x0E, 0x0A, 0x01, 0xC3, 
0x01, 0x1C, 0x4C, 0x4A, 0xFE, 0xF0, 0x02, 0x0C, 0x5F, 0x3B, 
0x33, 0x01, 0x02, 0x00, 0x00, 0x01, 0x00, 0x22, 0xFF, 0xE9, 
0x01, 0xCB, 0x02, 0x1B, 0x00, 0x26, 0x00, 0x00, 0x37, 0x1E, 
0x02, 0x33, 0x32, 0x36, 0x35, 0x34, 0x26, 0x27, 0x27, 0x26, 
0x26, 0x35, 0x34, 0x36, 0x33, 0x32, 0x16, 0x17, 0x23, 0x26, 
0x23, 0x22, 0x06, 0x15, 0x14, 0x16, 0x17, 0x17, 0x16, 0x16, 
0x15, 0x14, 0x06, 0x23, 0x22, 0x27, 0x7A, 0x04, 0x14, 0x35, 
0x33, 0x37, 0x43, 0x25, 0x2C, 0x4E, 0x5D, 0x49, 0x6E, 0x5B, 
0x5B, 0x62, 0x01, 0x58, 0x03, 0x66, 0x33, 0x3C, 0x2E, 0x33, 
0x50, 0x4E, 0x46, 0x75, 0x63, 0xCB, 0x06, 0x9C, 0x19, 0x2F, 
0x1E, 0x2D, 0x25, 0x1D, 0x22, 0x0A, 0x13, 0x17, 0x43, 0x3D, 
0x49, 0x57, 0x54, 0x4D, 0x54, 0x2B, 0x24, 0x1C, 0x23, 0x0C, 
0x13, 0x13, 0x44, 0x3B, 0x4C, 0x5A, 0xB3, 0x00, 0x00, 0x01, 
0x00, 0x14, 0xFF, 0xE9, 0x01, 0x04, 0x02, 0x9C, 0x00, 0x15, 
0x00, 0x00, 0x01, 0x15, 0x23, 0x11, 0x14, 0x16, 0x33, 0x32, 
0x37, 0x15, 0x06, 0x23, 0x22, 0x26, 0x35, 0x11, 0x23, 0x35, 
0x33, 0x35, 0x33, 0x15, 0x01, 0x04, 0x56, 0x13, 0x1B, 0x19, 
0x0F, 0x27, 0x1D, 0x31, 0x34, 0x47, 0x47, 0x53, 0x02, 0x0C, 
0x44, 0xFE, 0x99, 0x1C, 0x13, 0x04, 0x46, 0x07, 0x2B, 0x28, 
0x01, 0x8C, 0x44, 0x90, 0x90, 0x00, 0x00, 0x01, 0x00, 0x3C, 
0xFF, 0xE9, 0x01, 0xDD, 0x02, 0x0C, 0x00, 0x13, 0x00, 0x00, 
0x21, 0x23, 0x35, 0x06, 0x06, 0x23, 0x22, 0x26, 0x35, 0x11, 
0x33, 0x11, 0x14, 0x16, 0x33, 0x32, 0x36, 0x35, 0x11, 0x33, 
0x01, 0xDD, 0x4B, 0x25, 0x50, 0x3A, 0x4C, 0x5B, 0x53, 0x3B, 
0x31, 0x41, 0x4E, 0x53, 0x49, 0x34, 0x2C, 0x4E, 0x41, 0x01, 
0x94, 0xFE, 0x8D, 0x2F, 0x38, 0x61, 0x50, 0x01, 0x29, 0x00, 
0x00, 0x01, 0x00, 0x0A, 0x00, 0x00, 0x01, 0xE6, 0x02, 0x0C, 
0x00, 0x06, 0x00, 0x00, 0x21, 0x23, 0x03, 0x33, 0x13, 0x13, 
0x33, 0x01, 0x1D, 0x5B, 0xB8, 0x5E, 0x8C, 0x94, 0x5E, 0x02, 
0x0C, 0xFE, 0x57, 0x01, 0xA9, 0x00, 0x00, 0x01, 0x00, 0x0A, 
0x00, 0x00, 0x02, 0xC8, 0x02, 0x0C, 0x00, 0x0C, 0x00, 0x00, 
0x21, 0x23, 0x03, 0x03, 0x23, 0x03, 0x33, 0x13, 0x13, 0x33, 
0x13, 0x13, 0x33, 0x02, 0x2E, 0x5F, 0x6A, 0x65, 0x5E, 0x98, 
0x5C, 0x6B, 0x64, 0x66, 0x67, 0x68, 0x5E, 0x01, 0x9B, 0xFE, 
0x65, 0x02, 0x0C, 0xFE, 0x68, 0x01, 0x98, 0xFE, 0x68, 0x01, 
0x98, 0x00, 0x00, 0x01, 0x00, 0x0A, 0x00, 0x00, 0x01, 0xD2, 
0x02, 0x0C, 0x00, 0x0B, 0x00, 0x00, 0x01, 0x13, 0x23, 0x27, 
0x07, 0x23, 0x13, 0x03, 0x33, 0x17, 0x37, 0x33, 0x01, 0x1D, 
0xB5, 0x61, 0x83, 0x85, 0x5F, 0xB9, 0xAF, 0x5F, 0x7E, 0x7E, 
0x5E, 0x01, 0x0F, 0xFE, 0xF1, 0xC9, 0xC9, 0x01, 0x0B, 0x01, 
0x01, 0xBE, 0xBE, 0x00, 0x00, 0x01, 0x00, 0x0A, 0xFF, 0x26, 
0x01, 0xD4, 0x02, 0x0C, 0x00, 0x11, 0x00, 0x00, 0x01, 0x33, 
0x03, 0x06, 0x06, 0x23, 0x22, 0x27, 0x35, 0x16, 0x33, 0x32, 
0x36, 0x37, 0x37, 0x03, 0x33, 0x13, 0x01, 0x7A, 0x5A, 0xE9, 
0x16, 0x46, 0x2B, 0x1F, 0x19, 0x1B, 0x11, 0x1A, 0x1F, 0x0A, 
0x20, 0xB1, 0x59, 0x86, 0x02, 0x0C, 0xFD, 0x86, 0x3A, 0x32, 
0x0D, 0x4B, 0x06, 0x17, 0x1C, 0x53, 0x02, 0x0E, 0xFE, 0x68, 
0x00, 0x01, 0x00, 0x1E, 0x00, 0x00, 0x01, 0xC8, 0x02, 0x0C, 
0x00, 0x09, 0x00, 0x00, 0x01, 0x15, 0x01, 0x21, 0x15, 0x21, 
0x35, 0x01, 0x21, 0x35, 0x01, 0xBA, 0xFE, 0xC9, 0x01, 0x45, 
0xFE, 0x56, 0x01, 0x39, 0xFE, 0xDC, 0x02, 0x0C, 0x4A, 0xFE, 
0x87, 0x49, 0x4B, 0x01, 0x78, 0x49, 0x00, 0x01, 0x00, 0x2B, 
0xFF, 0x2C, 0x01, 0x14, 0x02, 0xD9, 0x00, 0x22, 0x00, 0x00, 
0x01, 0x15, 0x23, 0x22, 0x06, 0x15, 0x15, 0x14, 0x06, 0x07, 
0x16, 0x16, 0x15, 0x15, 0x14, 0x16, 0x33, 0x33, 0x15, 0x23, 
0x22, 0x26, 0x35, 0x35, 0x34, 0x26, 0x27, 0x35, 0x36, 0x36, 
0x35, 0x35, 0x34, 0x36, 0x33, 0x01, 0x14, 0x0F, 0x25, 0x1A, 
0x24, 0x2E, 0x2A, 0x28, 0x1A, 0x25, 0x0F, 0x2E, 0x34, 0x39, 
0x22, 0x2C, 0x2C, 0x22, 0x39, 0x34, 0x02, 0xD9, 0x41, 0x1C, 
0x27, 0xB5, 0x45, 0x46, 0x12, 0x13, 0x4D, 0x3E, 0xB5, 0x27, 
0x1C, 0x41, 0x45, 0x3E, 0xA7, 0x45, 0x3C, 0x09, 0x45, 0x09, 
0x3B, 0x46, 0xA7, 0x3E, 0x45, 0x00, 0x00, 0x01, 0x00, 0x5F, 
0xFF, 0x2C, 0x00, 0x9B, 0x02, 0xD9, 0x00, 0x03, 0x00, 0x00, 
0x13, 0x33, 0x11, 0x23, 0x5F, 0x3C, 0x3C, 0x02, 0xD9, 0xFC, 
0x53, 0x00, 0x00, 0x01, 0x00, 0x39, 0xFF, 0x2C, 0x01, 0x22, 
0x02, 0xD9, 0x00, 0x21, 0x00, 0x00, 0x17, 0x35, 0x33, 0x32, 
0x36, 0x35, 0x35, 0x34, 0x36, 0x37, 0x26, 0x35, 0x35, 0x34, 
0x26, 0x23, 0x23, 0x35, 0x33, 0x32, 0x16, 0x15, 0x15, 0x14, 
0x16, 0x17, 0x15, 0x06, 0x06, 0x15, 0x15, 0x14, 0x06, 0x23, 
0x39, 0x10, 0x26, 0x1A, 0x28, 0x2A, 0x52, 0x1A, 0x26, 0x10, 
0x2F, 0x35, 0x39, 0x21, 0x2B, 0x2B, 0x21, 0x39, 0x35, 0xD4, 
0x41, 0x1C, 0x27, 0xB5, 0x3E, 0x4C, 0x13, 0x26, 0x78, 0xB5, 
0x27, 0x1C, 0x41, 0x45, 0x3E, 0xA7, 0x45, 0x3C, 0x09, 0x45, 
0x09, 0x3C, 0x45, 0xA7, 0x3E, 0x45, 0x00, 0x01, 0x00, 0x21, 
0x01, 0x0C, 0x01, 0xD2, 0x01, 0xB6, 0x00, 0x19, 0x00, 0x00, 
0x13, 0x22, 0x06, 0x06, 0x07, 0x23, 0x36, 0x36, 0x33, 0x32, 
0x17, 0x17, 0x16, 0x33, 0x32, 0x36, 0x35, 0x33, 0x14, 0x06, 
0x23, 0x22, 0x27, 0x27, 0x26, 0x26, 0x8B, 0x15, 0x17, 0x08, 
0x01, 0x35, 0x04, 0x37, 0x31, 0x1B, 0x1B, 0x75, 0x1C, 0x16, 
0x20, 0x13, 0x35, 0x3A, 0x2F, 0x27, 0x2A, 0x62, 0x07, 0x1C, 
0x01, 0x73, 0x1C, 0x24, 0x0E, 0x47, 0x4A, 0x10, 0x45, 0x11, 
0x29, 0x22, 0x4E, 0x41, 0x1A, 0x3F, 0x05, 0x09, 0x00, 0x02, 
0x00, 0x7A, 0xFF, 0x33, 0x00, 0xCE, 0x02, 0x0C, 0x00, 0x05, 
0x00, 0x09, 0x00, 0x00, 0x17, 0x11, 0x37, 0x33, 0x17, 0x11, 
0x03, 0x35, 0x33, 0x15, 0x7A, 0x16, 0x27, 0x16, 0x53, 0x54, 
0xCD, 0x01, 0x52, 0xDF, 0xDF, 0xFE, 0xAE, 0x02, 0x71, 0x68, 
0x68, 0x00, 0x00, 0x02, 0x00, 0x34, 0xFF, 0x88, 0x01, 0xFE, 
0x02, 0x74, 0x00, 0x19, 0x00, 0x1F, 0x00, 0x00, 0x01, 0x11, 
0x36, 0x37, 0x33, 0x06, 0x06, 0x07, 0x15, 0x23, 0x35, 0x26, 
0x26, 0x35, 0x34, 0x36, 0x37, 0x35, 0x33, 0x15, 0x16, 0x16, 
0x17, 0x23, 0x26, 0x26, 0x03, 0x11, 0x06, 0x15, 0x14, 0x16, 
0x01, 0x38, 0x60, 0x12, 0x54, 0x05, 0x6A, 0x57, 0x2A, 0x65, 
0x75, 0x75, 0x65, 0x2A, 0x58, 0x64, 0x04, 0x54, 0x05, 0x39, 
0x58, 0x83, 0x45, 0x01, 0xCE, 0xFE, 0x67, 0x0B, 0x74, 0x5A, 
0x6C, 0x05, 0x61, 0x62, 0x09, 0x93, 0x77, 0x7A, 0x99, 0x0A, 
0x5A, 0x59, 0x06, 0x63, 0x56, 0x32, 0x3C, 0xFE, 0x6D, 0x01, 
0x96, 0x18, 0xB8, 0x55, 0x67, 0x00, 0x00, 0x01, 0x00, 0x1A, 
0xFF, 0xE9, 0x02, 0x17, 0x02, 0xD9, 0x00, 0x3A, 0x00, 0x00, 
0x13, 0x14, 0x16, 0x16, 0x17, 0x33, 0x15, 0x23, 0x16, 0x15, 
0x14, 0x06, 0x06, 0x07, 0x36, 0x33, 0x32, 0x16, 0x16, 0x33, 
0x32, 0x37, 0x17, 0x06, 0x06, 0x23, 0x22, 0x26, 0x26, 0x23, 
0x22, 0x07, 0x27, 0x36, 0x36, 0x35, 0x34, 0x27, 0x23, 0x35, 
0x33, 0x2E, 0x02, 0x35, 0x34, 0x36, 0x36, 0x33, 0x32, 0x1E, 
0x02, 0x17, 0x23, 0x26, 0x23, 0x22, 0x06, 0x93, 0x13, 0x1B, 
0x0D, 0xA0, 0x88, 0x0F, 0x15, 0x34, 0x2D, 0x3B, 0x3F, 0x20, 
0x36, 0x31, 0x1A, 0x28, 0x2B, 0x2A, 0x1E, 0x3E, 0x27, 0x2A, 
0x45, 0x40, 0x25, 0x35, 0x38, 0x30, 0x45, 0x38, 0x18, 0x6E, 
0x51, 0x17, 0x17, 0x07, 0x3F, 0x6C, 0x43, 0x20, 0x4B, 0x44, 
0x2C, 0x01, 0x58, 0x04, 0x84, 0x40, 0x4D, 0x02, 0x0B, 0x1F, 
0x2E, 0x2B, 0x1B, 0x37, 0x2B, 0x1C, 0x1A, 0x34, 0x41, 0x2E, 
0x27, 0x0F, 0x10, 0x1E, 0x42, 0x1D, 0x1B, 0x17, 0x17, 0x25, 
0x42, 0x3B, 0x56, 0x2E, 0x26, 0x28, 0x37, 0x26, 0x2D, 0x22, 
0x16, 0x3D, 0x60, 0x39, 0x11, 0x30, 0x5C, 0x4B, 0x9A, 0x46, 
0x00, 0x02, 0x00, 0x43, 0x00, 0x85, 0x01, 0xE9, 0x02, 0x27, 
0x00, 0x1C, 0x00, 0x29, 0x00, 0x00, 0x25, 0x07, 0x27, 0x06, 
0x23, 0x22, 0x27, 0x07, 0x27, 0x37, 0x26, 0x26, 0x35, 0x34, 
0x37, 0x27, 0x37, 0x17, 0x36, 0x33, 0x32, 0x17, 0x37, 0x17, 
0x07, 0x16, 0x15, 0x14, 0x07, 0x27, 0x22, 0x06, 0x15, 0x14, 
0x16, 0x33, 0x32, 0x36, 0x36, 0x35, 0x34, 0x26, 0x01, 0xE5, 
0x3A, 0x35, 0x28, 0x3C, 0x35, 0x29, 0x33, 0x38, 0x30, 0x0F, 
0x11, 0x20, 0x36, 0x38, 0x37, 0x2C, 0x35, 0x3A, 0x28, 0x3B, 
0x39, 0x37, 0x1A, 0x1D, 0x9D, 0x2B, 0x3F, 0x3F, 0x2C, 0x1D, 
0x30, 0x1D, 0x3E, 0xBE, 0x36, 0x35, 0x1E, 0x19, 0x33, 0x39, 
0x31, 0x14, 0x37, 0x1B, 0x39, 0x2D, 0x37, 0x35, 0x37, 0x1A, 
0x1C, 0x35, 0x3A, 0x37, 0x29, 0x34, 0x32, 0x2F, 0xC9, 0x3D, 
0x2C, 0x2B, 0x3D, 0x1C, 0x2F, 0x1C, 0x2C, 0x3E, 0x00, 0x01, 
0x00, 0x0B, 0x00, 0x00, 0x02, 0x21, 0x02, 0xC5, 0x00, 0x16, 
0x00, 0x00, 0x01, 0x15, 0x23, 0x15, 0x33, 0x15, 0x23, 0x15, 
0x23, 0x35, 0x23, 0x35, 0x33, 0x35, 0x23, 0x35, 0x33, 0x03, 
0x33, 0x13, 0x13, 0x33, 0x03, 0x01, 0xEF, 0xAA, 0xAA, 0xAA, 
0x58, 0xAC, 0xAC, 0xAC, 0x97, 0xCD, 0x55, 0xB9, 0xB3, 0x55, 
0xC9, 0x01, 0x62, 0x33, 0x4D, 0x33, 0xAF, 0xAF, 0x33, 0x4D, 
0x33, 0x01, 0x63, 0xFE, 0xBE, 0x01, 0x42, 0xFE, 0x9D, 0x00, 
0x00, 0x02, 0x00, 0x64, 0xFF, 0x2C, 0x00, 0xA0, 0x02, 0xD9, 
0x00, 0x03, 0x00, 0x07, 0x00, 0x00, 0x13, 0x33, 0x11, 0x23, 
0x15, 0x33, 0x11, 0x23, 0x64, 0x3C, 0x3C, 0x3C, 0x3C, 0x02, 
0xD9, 0xFE, 0x6F, 0x8B, 0xFE, 0x6F, 0x00, 0x02, 0x00, 0x2B, 
0xFF, 0x2B, 0x01, 0xFA, 0x02, 0xD9, 0x00, 0x39, 0x00, 0x45, 
0x00, 0x00, 0x17, 0x14, 0x16, 0x16, 0x33, 0x32, 0x36, 0x35, 
0x34, 0x26, 0x27, 0x27, 0x26, 0x26, 0x35, 0x34, 0x36, 0x37, 
0x26, 0x26, 0x35, 0x34, 0x36, 0x36, 0x33, 0x32, 0x16, 0x15, 
0x15, 0x23, 0x35, 0x34, 0x26, 0x23, 0x22, 0x06, 0x15, 0x14, 
0x16, 0x17, 0x17, 0x16, 0x16, 0x15, 0x14, 0x07, 0x16, 0x16, 
0x15, 0x14, 0x06, 0x06, 0x23, 0x22, 0x2E, 0x02, 0x35, 0x37, 
0x17, 0x36, 0x35, 0x34, 0x27, 0x27, 0x06, 0x06, 0x15, 0x14, 
0x16, 0xA2, 0x22, 0x30, 0x14, 0x2B, 0x35, 0x1A, 0x1D, 0xAA, 
0x31, 0x2B, 0x32, 0x37, 0x17, 0x15, 0x31, 0x54, 0x34, 0x4E, 
0x61, 0x54, 0x35, 0x2C, 0x26, 0x33, 0x1A, 0x1F, 0x92, 0x3D, 
0x30, 0x6D, 0x1E, 0x17, 0x31, 0x54, 0x36, 0x1B, 0x40, 0x3A, 
0x25, 0x6F, 0xA6, 0x49, 0x49, 0xA1, 0x27, 0x20, 0x1A, 0x0E, 
0x34, 0x34, 0x12, 0x30, 0x26, 0x1A, 0x2A, 0x14, 0x75, 0x22, 
0x4A, 0x31, 0x32, 0x47, 0x1D, 0x1B, 0x2F, 0x1C, 0x2E, 0x4B, 
0x2C, 0x61, 0x50, 0x1C, 0x1A, 0x2F, 0x37, 0x30, 0x25, 0x16, 
0x22, 0x15, 0x5E, 0x27, 0x4A, 0x36, 0x73, 0x29, 0x22, 0x34, 
0x20, 0x30, 0x4C, 0x2C, 0x0F, 0x2A, 0x4F, 0x3F, 0xF3, 0x7B, 
0x27, 0x3F, 0x3D, 0x33, 0x6D, 0x19, 0x2E, 0x1E, 0x1E, 0x28, 
0x00, 0x02, 0x00, 0x19, 0x02, 0x64, 0x01, 0x34, 0x02, 0xCC, 
0x00, 0x03, 0x00, 0x07, 0x00, 0x00, 0x01, 0x15, 0x23, 0x35, 
0x23, 0x15, 0x23, 0x35, 0x01, 0x34, 0x68, 0x4B, 0x68, 0x02, 
0xCC, 0x68, 0x68, 0x68, 0x68, 0x00, 0x00, 0x03, 0x00, 0x27, 
0xFF, 0xF2, 0x02, 0xF9, 0x02, 0xC4, 0x00, 0x1D, 0x00, 0x31, 
0x00, 0x45, 0x00, 0x00, 0x13, 0x34, 0x3E, 0x02, 0x33, 0x32, 
0x16, 0x17, 0x23, 0x26, 0x26, 0x23, 0x22, 0x06, 0x15, 0x14, 
0x16, 0x33, 0x32, 0x36, 0x37, 0x33, 0x06, 0x06, 0x23, 0x22, 
0x2E, 0x02, 0x13, 0x22, 0x0E, 0x02, 0x15, 0x14, 0x1E, 0x02, 
0x33, 0x32, 0x3E, 0x02, 0x35, 0x34, 0x2E, 0x02, 0x27, 0x32, 
0x1E, 0x02, 0x15, 0x14, 0x0E, 0x02, 0x23, 0x22, 0x2E, 0x02, 
0x35, 0x34, 0x3E, 0x02, 0xCD, 0x13, 0x2D, 0x4E, 0x3B, 0x47, 
0x56, 0x0D, 0x45, 0x0A, 0x32, 0x30, 0x3B, 0x43, 0x49, 0x3A, 
0x35, 0x2D, 0x0D, 0x45, 0x0A, 0x5C, 0x4F, 0x3A, 0x4D, 0x2C, 
0x13, 0xC8, 0x3C, 0x6D, 0x57, 0x32, 0x30, 0x54, 0x6C, 0x3D, 
0x3F, 0x6D, 0x53, 0x2E, 0x2F, 0x53, 0x6A, 0x3B, 0x48, 0x81, 
0x62, 0x38, 0x38, 0x64, 0x82, 0x4B, 0x4B, 0x83, 0x63, 0x38, 
0x39, 0x64, 0x86, 0x01, 0x5B, 0x22, 0x50, 0x49, 0x2E, 0x4B, 
0x47, 0x2C, 0x25, 0x58, 0x4F, 0x4C, 0x59, 0x34, 0x3C, 0x55, 
0x5B, 0x2E, 0x47, 0x4E, 0x01, 0x53, 0x32, 0x55, 0x6D, 0x3B, 
0x3A, 0x6E, 0x56, 0x33, 0x31, 0x55, 0x6C, 0x3C, 0x3C, 0x6E, 
0x56, 0x32, 0x37, 0x39, 0x64, 0x82, 0x4A, 0x4B, 0x82, 0x64, 
0x38, 0x38, 0x64, 0x84, 0x4C, 0x4B, 0x82, 0x62, 0x37, 0x00, 
0x00, 0x03, 0x00, 0x25, 0x01, 0x2F, 0x01, 0x4D, 0x02, 0xE6, 
0x00, 0x03, 0x00, 0x26, 0x00, 0x31, 0x00, 0x00, 0x01, 0x15, 
0x21, 0x35, 0x25, 0x15, 0x06, 0x06, 0x23, 0x22, 0x26, 0x27, 
0x06, 0x23, 0x22, 0x26, 0x35, 0x34, 0x36, 0x36, 0x37, 0x36, 
0x36, 0x35, 0x35, 0x34, 0x23, 0x22, 0x06, 0x07, 0x23, 0x36, 
0x33, 0x32, 0x15, 0x15, 0x14, 0x33, 0x32, 0x27, 0x0E, 0x03, 
0x15, 0x14, 0x33, 0x32, 0x36, 0x35, 0x01, 0x40, 0xFE, 0xEB, 
0x01, 0x22, 0x0A, 0x0D, 0x09, 0x19, 0x19, 0x05, 0x31, 0x38, 
0x30, 0x38, 0x1B, 0x45, 0x3D, 0x1D, 0x14, 0x43, 0x22, 0x1D, 
0x05, 0x3B, 0x03, 0x7E, 0x7A, 0x17, 0x04, 0x54, 0x15, 0x33, 
0x2E, 0x1E, 0x39, 0x25, 0x36, 0x01, 0x62, 0x33, 0x33, 0x5F, 
0x2C, 0x04, 0x02, 0x14, 0x17, 0x2B, 0x34, 0x2C, 0x20, 0x2B, 
0x1A, 0x04, 0x02, 0x0F, 0x10, 0x0D, 0x2C, 0x18, 0x20, 0x6C, 
0x5E, 0xB3, 0x17, 0x7A, 0x09, 0x06, 0x08, 0x16, 0x19, 0x2F, 
0x28, 0x1A, 0x00, 0x02, 0x00, 0x47, 0x00, 0x6A, 0x01, 0xAC, 
0x01, 0xB6, 0x00, 0x06, 0x00, 0x0D, 0x00, 0x00, 0x37, 0x35, 
0x37, 0x15, 0x07, 0x17, 0x15, 0x37, 0x35, 0x37, 0x15, 0x07, 
0x17, 0x15, 0x47, 0x98, 0x6A, 0x6A, 0x35, 0x98, 0x6A, 0x6A, 
0xE3, 0x59, 0x7A, 0x53, 0x53, 0x53, 0x53, 0x79, 0x59, 0x7A, 
0x53, 0x53, 0x53, 0x53, 0x00, 0x01, 0x00, 0x28, 0x00, 0x56, 
0x02, 0x20, 0x01, 0x77, 0x00, 0x05, 0x00, 0x00, 0x13, 0x21, 
0x11, 0x23, 0x35, 0x21, 0x28, 0x01, 0xF8, 0x46, 0xFE, 0x4E, 
0x01, 0x77, 0xFE, 0xDF, 0xDB, 0x00, 0x00, 0x01, 0x00, 0x2E, 
0x00, 0xF0, 0x01, 0x1F, 0x01, 0x38, 0x00, 0x03, 0x00, 0x00, 
0x01, 0x15, 0x23, 0x35, 0x01, 0x1F, 0xF1, 0x01, 0x38, 0x48, 
0x48, 0x00, 0x00, 0x04, 0x00, 0x27, 0xFF, 0xF2, 0x02, 0xF9, 
0x02, 0xC4, 0x00, 0x1B, 0x00, 0x25, 0x00, 0x39, 0x00, 0x4D, 
0x00, 0x00, 0x01, 0x16, 0x16, 0x15, 0x14, 0x06, 0x15, 0x14, 
0x16, 0x17, 0x15, 0x23, 0x26, 0x26, 0x35, 0x35, 0x34, 0x26, 
0x23, 0x23, 0x15, 0x23, 0x11, 0x33, 0x32, 0x16, 0x15, 0x14, 
0x27, 0x34, 0x26, 0x26, 0x23, 0x23, 0x15, 0x33, 0x32, 0x36, 
0x27, 0x22, 0x0E, 0x02, 0x15, 0x14, 0x1E, 0x02, 0x33, 0x32, 
0x3E, 0x02, 0x35, 0x34, 0x2E, 0x02, 0x27, 0x32, 0x1E, 0x02, 
0x15, 0x14, 0x0E, 0x02, 0x23, 0x22, 0x2E, 0x02, 0x35, 0x34, 
0x3E, 0x02, 0x02, 0x00, 0x1D, 0x12, 0x01, 0x0A, 0x11, 0x4C, 
0x05, 0x07, 0x21, 0x21, 0x85, 0x40, 0xC7, 0x3F, 0x48, 0x42, 
0x15, 0x24, 0x17, 0x7C, 0x7C, 0x25, 0x2B, 0x61, 0x3C, 0x6D, 
0x57, 0x32, 0x30, 0x54, 0x6C, 0x3D, 0x3F, 0x6D, 0x53, 0x2E, 
0x2F, 0x53, 0x6A, 0x3B, 0x48, 0x81, 0x62, 0x38, 0x38, 0x64, 
0x82, 0x4B, 0x4B, 0x83, 0x63, 0x38, 0x39, 0x64, 0x86, 0x01, 
0x5C, 0x0E, 0x3A, 0x1D, 0x08, 0x0F, 0x08, 0x14, 0x22, 0x0B, 
0x10, 0x0E, 0x26, 0x13, 0x25, 0x23, 0x26, 0xB5, 0x01, 0xAF, 
0x3E, 0x38, 0x4B, 0x43, 0x1F, 0x1D, 0x08, 0x87, 0x1D, 0xFB, 
0x32, 0x55, 0x6D, 0x3B, 0x3A, 0x6E, 0x56, 0x33, 0x31, 0x55, 
0x6C, 0x3C, 0x3C, 0x6E, 0x56, 0x32, 0x37, 0x39, 0x64, 0x82, 
0x4A, 0x4B, 0x82, 0x64, 0x38, 0x38, 0x64, 0x84, 0x4C, 0x4B, 
0x82, 0x62, 0x37, 0x00, 0x00, 0x01, 0x00, 0x1C, 0x02, 0x77, 
0x01, 0x2E, 0x02, 0xBD, 0x00, 0x03, 0x00, 0x00, 0x01, 0x15, 
0x21, 0x35, 0x01, 0x2E, 0xFE, 0xEE, 0x02, 0xBD, 0x46, 0x46, 
0x00, 0x02, 0x00, 0x97, 0x01, 0x7F, 0x01, 0xC6, 0x02, 0xAE, 
0x00, 0x0F, 0x00, 0x1B, 0x00, 0x00, 0x01, 0x32, 0x16, 0x16, 
0x15, 0x14, 0x06, 0x06, 0x23, 0x22, 0x26, 0x26, 0x35, 0x34, 
0x36, 0x36, 0x17, 0x22, 0x06, 0x15, 0x14, 0x16, 0x33, 0x32, 
0x36, 0x35, 0x34, 0x26, 0x01, 0x2F, 0x2A, 0x44, 0x29, 0x29, 
0x45, 0x2B, 0x29, 0x44, 0x29, 0x29, 0x45, 0x2A, 0x27, 0x38, 
0x38, 0x25, 0x29, 0x37, 0x37, 0x02, 0xAE, 0x29, 0x44, 0x2A, 
0x2A, 0x45, 0x29, 0x29, 0x46, 0x29, 0x2A, 0x44, 0x29, 0x39, 
0x38, 0x26, 0x27, 0x38, 0x37, 0x28, 0x27, 0x37, 0x00, 0x02, 
0x00, 0x32, 0xFF, 0xF5, 0x02, 0x16, 0x02, 0x6F, 0x00, 0x03, 
0x00, 0x0F, 0x00, 0x00, 0x25, 0x15, 0x21, 0x35, 0x01, 0x15, 
0x23, 0x15, 0x23, 0x35, 0x23, 0x35, 0x33, 0x35, 0x33, 0x15, 
0x02, 0x16, 0xFE, 0x1C, 0x01, 0xE4, 0xCF, 0x46, 0xCF, 0xCF, 
0x46, 0x3B, 0x46, 0x46, 0x01, 0x65, 0x46, 0xCF, 0xCF, 0x46, 
0xCF, 0xCF, 0x00, 0x01, 0x00, 0x13, 0x01, 0x86, 0x01, 0x46, 
0x03, 0x2F, 0x00, 0x1C, 0x00, 0x00, 0x13, 0x22, 0x06, 0x06, 
0x07, 0x23, 0x36, 0x33, 0x32, 0x16, 0x15, 0x14, 0x07, 0x07, 
0x06, 0x06, 0x07, 0x33, 0x15, 0x21, 0x3E, 0x02, 0x37, 0x37, 
0x36, 0x35, 0x34, 0x26, 0xB2, 0x25, 0x24, 0x0C, 0x02, 0x3E, 
0x04, 0x93, 0x41, 0x51, 0x60, 0x3F, 0x20, 0x20, 0x09, 0xE5, 
0xFE, 0xD0, 0x03, 0x17, 0x35, 0x30, 0x3A, 0x3B, 0x31, 0x02, 
0xFA, 0x20, 0x2D, 0x16, 0x98, 0x46, 0x38, 0x52, 0x2F, 0x20, 
0x11, 0x22, 0x1D, 0x3A, 0x31, 0x40, 0x31, 0x19, 0x1F, 0x20, 
0x2F, 0x20, 0x2B, 0x00, 0x00, 0x01, 0x00, 0x10, 0x01, 0x7A, 
0x01, 0x42, 0x03, 0x31, 0x00, 0x26, 0x00, 0x00, 0x13, 0x22, 
0x06, 0x15, 0x23, 0x36, 0x33, 0x32, 0x16, 0x15, 0x14, 0x07, 
0x16, 0x15, 0x14, 0x06, 0x23, 0x22, 0x26, 0x35, 0x33, 0x16, 
0x16, 0x33, 0x32, 0x36, 0x35, 0x34, 0x26, 0x27, 0x26, 0x22, 
0x23, 0x35, 0x32, 0x36, 0x35, 0x34, 0x26, 0xA9, 0x31, 0x20, 
0x3F, 0x03, 0x8D, 0x41, 0x4A, 0x39, 0x47, 0x54, 0x47, 0x48, 
0x4F, 0x3E, 0x02, 0x2C, 0x2D, 0x2A, 0x30, 0x20, 0x1A, 0x0B, 
0x1D, 0x1A, 0x41, 0x2D, 0x29, 0x02, 0xFC, 0x31, 0x28, 0x8E, 
0x40, 0x38, 0x3B, 0x1A, 0x18, 0x4C, 0x3D, 0x49, 0x4B, 0x43, 
0x2E, 0x2B, 0x2B, 0x26, 0x1B, 0x27, 0x04, 0x02, 0x33, 0x1A, 
0x23, 0x20, 0x24, 0x00, 0x00, 0x01, 0x00, 0x5C, 0x02, 0x50, 
0x01, 0x2D, 0x02, 0xE4, 0x00, 0x03, 0x00, 0x00, 0x13, 0x33, 
0x07, 0x23, 0xBC, 0x71, 0x95, 0x3C, 0x02, 0xE4, 0x94, 0x00, 
0x00, 0x01, 0x00, 0x41, 0xFF, 0x24, 0x02, 0x20, 0x02, 0x0C, 
0x00, 0x1C, 0x00, 0x00, 0x25, 0x15, 0x06, 0x06, 0x23, 0x22, 
0x27, 0x06, 0x23, 0x22, 0x27, 0x15, 0x23, 0x11, 0x33, 0x11, 
0x14, 0x16, 0x33, 0x32, 0x36, 0x35, 0x11, 0x33, 0x11, 0x14, 
0x33, 0x32, 0x36, 0x02, 0x20, 0x13, 0x18, 0x0E, 0x53, 0x03, 
0x3B, 0x68, 0x36, 0x24, 0x53, 0x53, 0x3A, 0x31, 0x41, 0x4E, 
0x53, 0x2D, 0x03, 0x08, 0x31, 0x3F, 0x05, 0x04, 0x53, 0x53, 
0x1A, 0xDF, 0x02, 0xE8, 0xFE, 0x8D, 0x2F, 0x38, 0x61, 0x50, 
0x01, 0x29, 0xFE, 0x4C, 0x29, 0x01, 0x00, 0x01, 0x00, 0x30, 
0xFF, 0x4F, 0x02, 0x0A, 0x02, 0xD9, 0x00, 0x11, 0x00, 0x00, 
0x13, 0x2E, 0x02, 0x35, 0x34, 0x36, 0x36, 0x33, 0x33, 0x15, 
0x23, 0x11, 0x23, 0x11, 0x23, 0x11, 0x23, 0xFF, 0x43, 0x5D, 
0x2F, 0x3C, 0x65, 0x3F, 0xFA, 0x39, 0x40, 0x52, 0x40, 0x01, 
0x03, 0x04, 0x40, 0x67, 0x3B, 0x44, 0x6C, 0x40, 0x40, 0xFC, 
0xB6, 0x03, 0x4A, 0xFC, 0xB6, 0x00, 0x00, 0x01, 0x00, 0x57, 
0x00, 0xE3, 0x00, 0xBF, 0x01, 0x4B, 0x00, 0x03, 0x00, 0x00, 
0x13, 0x15, 0x23, 0x35, 0xBF, 0x68, 0x01, 0x4B, 0x68, 0x68, 
0x00, 0x01, 0x00, 0x27, 0xFF, 0x2A, 0x01, 0x1F, 0x00, 0x00, 
0x00, 0x1B, 0x00, 0x00, 0x17, 0x16, 0x16, 0x33, 0x32, 0x36, 
0x35, 0x34, 0x23, 0x22, 0x07, 0x27, 0x37, 0x33, 0x07, 0x36, 
0x32, 0x33, 0x32, 0x16, 0x15, 0x14, 0x06, 0x23, 0x22, 0x26, 
0x26, 0x27, 0x3C, 0x1D, 0x29, 0x1C, 0x17, 0x1F, 0x2E, 0x0F, 
0x10, 0x0C, 0x2A, 0x26, 0x17, 0x0A, 0x0C, 0x06, 0x26, 0x29, 
0x42, 0x39, 0x13, 0x22, 0x29, 0x1F, 0x8C, 0x0D, 0x14, 0x1A, 
0x13, 0x25, 0x08, 0x07, 0x5C, 0x38, 0x02, 0x23, 0x20, 0x2B, 
0x32, 0x06, 0x0F, 0x0D, 0x00, 0x01, 0x00, 0x45, 0x01, 0x86, 
0x00, 0xE6, 0x03, 0x2F, 0x00, 0x0A, 0x00, 0x00, 0x13, 0x23, 
0x35, 0x37, 0x3E, 0x02, 0x37, 0x33, 0x11, 0x23, 0xA8, 0x63, 
0x0F, 0x24, 0x26, 0x15, 0x08, 0x2B, 0x3E, 0x02, 0xAE, 0x2E, 
0x01, 0x04, 0x0D, 0x21, 0x20, 0xFE, 0x57, 0x00, 0x00, 0x03, 
0x00, 0x28, 0x01, 0x2F, 0x01, 0x44, 0x02, 0xE6, 0x00, 0x03, 
0x00, 0x0F, 0x00, 0x1B, 0x00, 0x00, 0x01, 0x15, 0x21, 0x35, 
0x13, 0x32, 0x16, 0x15, 0x14, 0x06, 0x23, 0x22, 0x26, 0x35, 
0x34, 0x36, 0x17, 0x22, 0x06, 0x15, 0x14, 0x16, 0x33, 0x32, 
0x36, 0x35, 0x34, 0x26, 0x01, 0x3A, 0xFE, 0xF9, 0x83, 0x44, 
0x4A, 0x4B, 0x43, 0x43, 0x4B, 0x4B, 0x43, 0x27, 0x2D, 0x2D, 
0x27, 0x27, 0x2D, 0x2C, 0x01, 0x62, 0x33, 0x33, 0x01, 0x84, 
0x5A, 0x54, 0x4F, 0x5A, 0x5A, 0x52, 0x51, 0x5A, 0x34, 0x3F, 
0x38, 0x38, 0x40, 0x3F, 0x37, 0x39, 0x40, 0x00, 0x00, 0x02, 
0x00, 0x48, 0x00, 0x6A, 0x01, 0xAD, 0x01, 0xB6, 0x00, 0x06, 
0x00, 0x0D, 0x00, 0x00, 0x01, 0x15, 0x07, 0x35, 0x37, 0x27, 
0x35, 0x07, 0x15, 0x07, 0x35, 0x37, 0x27, 0x35, 0x01, 0xAD, 
0x98, 0x6A, 0x6A, 0x35, 0x98, 0x6A, 0x6A, 0x01, 0x3D, 0x59, 
0x7A, 0x53, 0x53, 0x53, 0x53, 0x79, 0x59, 0x7A, 0x53, 0x53, 
0x53, 0x53, 0x00, 0x04, 0x00, 0x3D, 0xFF, 0xEC, 0x03, 0x51, 
0x02, 0xD6, 0x00, 0x0A, 0x00, 0x0E, 0x00, 0x19, 0x00, 0x1C, 
0x00, 0x00, 0x13, 0x23, 0x35, 0x37, 0x3E, 0x02, 0x37, 0x33, 
0x11, 0x23, 0x01, 0x33, 0x01, 0x23, 0x25, 0x23, 0x35, 0x13, 
0x33, 0x11, 0x33, 0x15, 0x23, 0x15, 0x23, 0x35, 0x35, 0x07, 
0xA0, 0x63, 0x0F, 0x24, 0x26, 0x15, 0x08, 0x2B, 0x3E, 0x01, 
0xE3, 0x3A, 0xFE, 0x3C, 0x3A, 0x02, 0x11, 0xBC, 0xCC, 0x2E, 
0x43, 0x43, 0x3E, 0x81, 0x02, 0x55, 0x2E, 0x01, 0x04, 0x0D, 
0x21, 0x20, 0xFE, 0x57, 0x01, 0x98, 0xFD, 0x27, 0x78, 0x3B, 
0x01, 0x0A, 0xFE, 0xF0, 0x35, 0x64, 0x99, 0xAA, 0xAA, 0x00, 
0x00, 0x03, 0x00, 0x3D, 0xFF, 0xEC, 0x03, 0x4C, 0x02, 0xD9, 
0x00, 0x0A, 0x00, 0x0E, 0x00, 0x2B, 0x00, 0x00, 0x13, 0x23, 
0x35, 0x37, 0x3E, 0x02, 0x37, 0x33, 0x11, 0x23, 0x01, 0x33, 
0x01, 0x23, 0x01, 0x22, 0x06, 0x06, 0x07, 0x23, 0x36, 0x33, 
0x32, 0x16, 0x15, 0x14, 0x07, 0x07, 0x06, 0x06, 0x07, 0x33, 
0x15, 0x21, 0x3E, 0x02, 0x37, 0x37, 0x36, 0x35, 0x34, 0x26, 
0xA0, 0x63, 0x0F, 0x24, 0x26, 0x15, 0x08, 0x2B, 0x3E, 0x01, 
0xCB, 0x3A, 0xFE, 0x3C, 0x3A, 0x02, 0x11, 0x25, 0x24, 0x0C, 
0x02, 0x3E, 0x04, 0x93, 0x41, 0x51, 0x60, 0x3F, 0x20, 0x20, 
0x09, 0xE5, 0xFE, 0xD0, 0x03, 0x17, 0x35, 0x30, 0x3A, 0x3B, 
0x31, 0x02, 0x58, 0x2E, 0x01, 0x04, 0x0D, 0x21, 0x20, 0xFE, 
0x57, 0x01, 0x95, 0xFD, 0x27, 0x01, 0x88, 0x20, 0x2D, 0x16, 
0x98, 0x46, 0x38, 0x52, 0x2F, 0x20, 0x11, 0x22, 0x1D, 0x3A, 
0x31, 0x40, 0x31, 0x19, 0x1F, 0x20, 0x2F, 0x20, 0x2B, 0x00, 
0x00, 0x04, 0x00, 0x1A, 0xFF, 0xEC, 0x03, 0x44, 0x02, 0xDE, 
0x00, 0x26, 0x00, 0x2A, 0x00, 0x35, 0x00, 0x38, 0x00, 0x00, 
0x13, 0x22, 0x06, 0x15, 0x23, 0x36, 0x33, 0x32, 0x16, 0x15, 
0x14, 0x07, 0x16, 0x15, 0x14, 0x06, 0x23, 0x22, 0x26, 0x35, 
0x33, 0x16, 0x16, 0x33, 0x32, 0x36, 0x35, 0x34, 0x26, 0x27, 
0x26, 0x22, 0x23, 0x35, 0x32, 0x36, 0x35, 0x34, 0x26, 0x25, 
0x33, 0x01, 0x23, 0x25, 0x23, 0x35, 0x13, 0x33, 0x11, 0x33, 
0x15, 0x23, 0x15, 0x23, 0x35, 0x35, 0x07, 0xB3, 0x31, 0x20, 
0x3F, 0x03, 0x8D, 0x41, 0x4A, 0x39, 0x47, 0x54, 0x47, 0x48, 
0x4F, 0x3E, 0x02, 0x2C, 0x2D, 0x2A, 0x30, 0x20, 0x1A, 0x0B, 
0x1D, 0x1A, 0x41, 0x2D, 0x29, 0x01, 0xAA, 0x3A, 0xFE, 0x3C, 
0x3A, 0x02, 0x07, 0xBC, 0xCC, 0x2E, 0x43, 0x43, 0x3E, 0x81, 
0x02, 0xA9, 0x31, 0x28, 0x8E, 0x40, 0x38, 0x3B, 0x1A, 0x18, 
0x4C, 0x3D, 0x49, 0x4B, 0x43, 0x2E, 0x2B, 0x2B, 0x26, 0x1B, 
0x27, 0x04, 0x02, 0x33, 0x1A, 0x23, 0x20, 0x24, 0x1C, 0xFD, 
0x27, 0x78, 0x3B, 0x01, 0x0A, 0xFE, 0xF0, 0x35, 0x64, 0x99, 
0xAA, 0xAA, 0x00, 0x02, 0x00, 0x60, 0xFF, 0x27, 0x02, 0x10, 
0x02, 0x0C, 0x00, 0x1C, 0x00, 0x20, 0x00, 0x00, 0x17, 0x34, 
0x3E, 0x03, 0x35, 0x35, 0x33, 0x15, 0x14, 0x0E, 0x03, 0x15, 
0x14, 0x16, 0x33, 0x32, 0x36, 0x36, 0x35, 0x33, 0x14, 0x06, 
0x23, 0x22, 0x26, 0x13, 0x35, 0x33, 0x15, 0x60, 0x24, 0x36, 
0x35, 0x24, 0x5A, 0x24, 0x35, 0x36, 0x24, 0x46, 0x3A, 0x34, 
0x38, 0x15, 0x55, 0x6F, 0x6C, 0x61, 0x74, 0xB3, 0x5A, 0x19, 
0x31, 0x45, 0x33, 0x2E, 0x34, 0x24, 0x2F, 0x37, 0x29, 0x3C, 
0x32, 0x31, 0x39, 0x26, 0x33, 0x3F, 0x29, 0x47, 0x2C, 0x73, 
0x77, 0x68, 0x02, 0x15, 0x68, 0x68, 0x00, 0x03, 0x00, 0x0F, 
0x00, 0x00, 0x02, 0x8B, 0x03, 0x84, 0x00, 0x03, 0x00, 0x0B, 
0x00, 0x0E, 0x00, 0x00, 0x01, 0x17, 0x23, 0x27, 0x01, 0x21, 
0x07, 0x23, 0x01, 0x33, 0x01, 0x23, 0x0B, 0x02, 0x01, 0x3B, 
0x6A, 0x41, 0xA4, 0x01, 0x18, 0xFE, 0xE7, 0x4D, 0x63, 0x01, 
0x04, 0x78, 0x01, 0x00, 0x68, 0x65, 0x70, 0x78, 0x03, 0x84, 
0x7E, 0x7E, 0xFD, 0x57, 0xDB, 0x02, 0xD9, 0xFD, 0x27, 0x01, 
0x29, 0x01, 0x4C, 0xFE, 0xB4, 0x00, 0x00, 0x03, 0x00, 0x0F, 
0x00, 0x00, 0x02, 0x8B, 0x03, 0x84, 0x00, 0x03, 0x00, 0x0B, 
0x00, 0x0E, 0x00, 0x00, 0x01, 0x33, 0x07, 0x23, 0x13, 0x21, 
0x07, 0x23, 0x01, 0x33, 0x01, 0x23, 0x0B, 0x02, 0x01, 0x77, 
0x7B, 0xA4, 0x41, 0xCB, 0xFE, 0xE7, 0x4D, 0x63, 0x01, 0x04, 
0x78, 0x01, 0x00, 0x68, 0x65, 0x70, 0x78, 0x03, 0x84, 0x7D, 
0xFD, 0xD4, 0xDB, 0x02, 0xD9, 0xFD, 0x27, 0x01, 0x29, 0x01, 
0x4C, 0xFE, 0xB4, 0x00, 0x00, 0x03, 0x00, 0x0F, 0x00, 0x00, 
0x02, 0x8B, 0x03, 0x84, 0x00, 0x06, 0x00, 0x0E, 0x00, 0x11, 
0x00, 0x00, 0x01, 0x33, 0x17, 0x23, 0x27, 0x07, 0x23, 0x01, 
0x21, 0x07, 0x23, 0x01, 0x33, 0x01, 0x23, 0x0B, 0x02, 0x01, 
0x1E, 0x5F, 0x60, 0x3F, 0x51, 0x4F, 0x40, 0x01, 0x1A, 0xFE, 
0xE7, 0x4D, 0x63, 0x01, 0x04, 0x78, 0x01, 0x00, 0x68, 0x65, 
0x70, 0x78, 0x03, 0x84, 0x7D, 0x3D, 0x3D, 0xFD, 0xD4, 0xDB, 
0x02, 0xD9, 0xFD, 0x27, 0x01, 0x29, 0x01, 0x4C, 0xFE, 0xB4, 
0x00, 0x03, 0x00, 0x0F, 0x00, 0x00, 0x02, 0x8B, 0x03, 0x77, 
0x00, 0x12, 0x00, 0x1A, 0x00, 0x1D, 0x00, 0x00, 0x01, 0x32, 
0x16, 0x16, 0x33, 0x32, 0x37, 0x33, 0x06, 0x23, 0x22, 0x26, 
0x26, 0x23, 0x22, 0x07, 0x23, 0x36, 0x36, 0x13, 0x21, 0x07, 
0x23, 0x01, 0x33, 0x01, 0x23, 0x0B, 0x02, 0x01, 0x0A, 0x19, 
0x2D, 0x2B, 0x14, 0x19, 0x0C, 0x3A, 0x0F, 0x4A, 0x12, 0x34, 
0x31, 0x0F, 0x17, 0x0A, 0x3A, 0x08, 0x2D, 0xEF, 0xFE, 0xE7, 
0x4D, 0x63, 0x01, 0x04, 0x78, 0x01, 0x00, 0x68, 0x65, 0x70, 
0x78, 0x03, 0x77, 0x12, 0x13, 0x25, 0x68, 0x13, 0x13, 0x25, 
0x32, 0x35, 0xFD, 0x64, 0xDB, 0x02, 0xD9, 0xFD, 0x27, 0x01, 
0x29, 0x01, 0x4C, 0xFE, 0xB4, 0x00, 0x00, 0x04, 0x00, 0x0F, 
0x00, 0x01, 0x02, 0x8B, 0x03, 0x71, 0x00, 0x03, 0x00, 0x07, 
0x00, 0x0F, 0x00, 0x12, 0x00, 0x00, 0x01, 0x15, 0x23, 0x35, 
0x23, 0x15, 0x23, 0x35, 0x01, 0x21, 0x07, 0x23, 0x01, 0x33, 
0x01, 0x23, 0x0B, 0x02, 0x01, 0xE2, 0x68, 0x4B, 0x68, 0x01, 
0x11, 0xFE, 0xE7, 0x4D, 0x63, 0x01, 0x04, 0x78, 0x01, 0x00, 
0x68, 0x65, 0x70, 0x78, 0x03, 0x71, 0x68, 0x68, 0x68, 0x68, 
0xFD, 0x6B, 0xDB, 0x02, 0xD9, 0xFD, 0x27, 0x01, 0x29, 0x01, 
0x4C, 0xFE, 0xB4, 0x00, 0x00, 0x04, 0x00, 0x0F, 0x00, 0x00, 
0x02, 0x8B, 0x03, 0xC6, 0x00, 0x0D, 0x00, 0x19, 0x00, 0x21, 
0x00, 0x24, 0x00, 0x00, 0x01, 0x32, 0x16, 0x15, 0x14, 0x06, 
0x23, 0x22, 0x26, 0x26, 0x35, 0x34, 0x36, 0x36, 0x17, 0x22, 
0x06, 0x15, 0x14, 0x16, 0x33, 0x32, 0x36, 0x35, 0x34, 0x26, 
0x13, 0x21, 0x07, 0x23, 0x01, 0x33, 0x01, 0x23, 0x0B, 0x02, 
0x01, 0x4F, 0x2C, 0x3E, 0x3E, 0x2C, 0x1D, 0x30, 0x1D, 0x1D, 
0x30, 0x1D, 0x12, 0x1A, 0x1A, 0x12, 0x12, 0x1A, 0x19, 0x76, 
0xFE, 0xE7, 0x4D, 0x63, 0x01, 0x04, 0x78, 0x01, 0x00, 0x68, 
0x65, 0x70, 0x78, 0x03, 0xC6, 0x3E, 0x2C, 0x2B, 0x3D, 0x1D, 
0x30, 0x1C, 0x1D, 0x2F, 0x1D, 0x3E, 0x1A, 0x11, 0x12, 0x1A, 
0x1A, 0x11, 0x13, 0x19, 0xFD, 0x53, 0xDB, 0x02, 0xD9, 0xFD, 
0x27, 0x01, 0x29, 0x01, 0x4C, 0xFE, 0xB4, 0x00, 0x00, 0x02, 
0x00, 0x0F, 0x00, 0x00, 0x03, 0xBA, 0x02, 0xD9, 0x00, 0x0F, 
0x00, 0x13, 0x00, 0x00, 0x25, 0x21, 0x07, 0x23, 0x01, 0x21, 
0x15, 0x21, 0x15, 0x21, 0x15, 0x21, 0x15, 0x21, 0x15, 0x21, 
0x11, 0x11, 0x23, 0x03, 0x01, 0xD8, 0xFE, 0xF3, 0x55, 0x67, 
0x01, 0x2B, 0x02, 0x6E, 0xFE, 0x8D, 0x01, 0x60, 0xFE, 0xA0, 
0x01, 0x85, 0xFE, 0x1E, 0x64, 0x8A, 0xD6, 0xD6, 0x02, 0xD9, 
0x52, 0xE9, 0x52, 0xFA, 0x52, 0x01, 0x28, 0x01, 0x5F, 0xFE, 
0xA1, 0x00, 0x00, 0x01, 0x00, 0x28, 0xFF, 0x2A, 0x02, 0x9D, 
0x02, 0xE5, 0x00, 0x3A, 0x00, 0x00, 0x25, 0x32, 0x36, 0x37, 
0x33, 0x02, 0x21, 0x07, 0x36, 0x32, 0x33, 0x32, 0x16, 0x15, 
0x14, 0x06, 0x23, 0x22, 0x26, 0x27, 0x37, 0x16, 0x16, 0x33, 
0x32, 0x36, 0x35, 0x34, 0x23, 0x22, 0x07, 0x27, 0x37, 0x2E, 
0x02, 0x27, 0x26, 0x26, 0x35, 0x34, 0x3E, 0x03, 0x33, 0x32, 
0x17, 0x23, 0x26, 0x26, 0x23, 0x22, 0x06, 0x06, 0x15, 0x14, 
0x16, 0x16, 0x01, 0x72, 0x5C, 0x5E, 0x11, 0x60, 0x21, 0xFE, 
0xF7, 0x0D, 0x0A, 0x0C, 0x06, 0x26, 0x29, 0x42, 0x39, 0x1C, 
0x33, 0x2E, 0x15, 0x18, 0x2D, 0x1D, 0x17, 0x1F, 0x2E, 0x0F, 
0x10, 0x0B, 0x1F, 0x26, 0x32, 0x27, 0x16, 0x44, 0x4C, 0x13, 
0x2C, 0x4C, 0x72, 0x50, 0xEE, 0x2B, 0x5F, 0x0F, 0x5A, 0x5B, 
0x47, 0x67, 0x38, 0x3A, 0x6B, 0x3A, 0x66, 0x6A, 0xFE, 0xDF, 
0x21, 0x02, 0x23, 0x20, 0x2B, 0x32, 0x0E, 0x14, 0x28, 0x0A, 
0x17, 0x1A, 0x13, 0x25, 0x08, 0x07, 0x45, 0x06, 0x0C, 0x13, 
0x0F, 0x31, 0xAC, 0x6A, 0x2E, 0x68, 0x66, 0x53, 0x32, 0xEE, 
0x4A, 0x52, 0x49, 0x87, 0x5E, 0x5B, 0x87, 0x49, 0x00, 0x02, 
0x00, 0x50, 0x00, 0x00, 0x02, 0x5B, 0x03, 0x84, 0x00, 0x03, 
0x00, 0x0F, 0x00, 0x00, 0x01, 0x17, 0x23, 0x27, 0x03, 0x15, 
0x21, 0x15, 0x21, 0x11, 0x21, 0x15, 0x21, 0x15, 0x21, 0x15, 
0x01, 0x45, 0x6A, 0x41, 0xA4, 0x1D, 0x01, 0xAE, 0xFD, 0xF5, 
0x01, 0xF9, 0xFE, 0x64, 0x01, 0x8D, 0x03, 0x84, 0x7E, 0x7E, 
0xFD, 0xC8, 0xFA, 0x52, 0x02, 0xD9, 0x52, 0xE9, 0x52, 0x00, 
0x00, 0x02, 0x00, 0x50, 0x00, 0x00, 0x02, 0x5B, 0x03, 0x84, 
0x00, 0x03, 0x00, 0x0F, 0x00, 0x00, 0x01, 0x33, 0x07, 0x23, 
0x03, 0x15, 0x21, 0x15, 0x21, 0x11, 0x21, 0x15, 0x21, 0x15, 
0x21, 0x15, 0x01, 0x59, 0x7B, 0xA4, 0x41, 0x42, 0x01, 0xAE, 
0xFD, 0xF5, 0x01, 0xF9, 0xFE, 0x64, 0x01, 0x8D, 0x03, 0x84, 
0x7D, 0xFE, 0x45, 0xFA, 0x52, 0x02, 0xD9, 0x52, 0xE9, 0x52, 
0x00, 0x02, 0x00, 0x50, 0x00, 0x00, 0x02, 0x5B, 0x03, 0x84, 
0x00, 0x06, 0x00, 0x12, 0x00, 0x00, 0x01, 0x33, 0x17, 0x23, 
0x27, 0x07, 0x23, 0x03, 0x15, 0x21, 0x15, 0x21, 0x11, 0x21, 
0x15, 0x21, 0x15, 0x21, 0x15, 0x01, 0x1E, 0x5F, 0x60, 0x3F, 
0x51, 0x4F, 0x40, 0x11, 0x01, 0xAE, 0xFD, 0xF5, 0x01, 0xF9, 
0xFE, 0x64, 0x01, 0x8D, 0x03, 0x84, 0x7D, 0x3D, 0x3D, 0xFE, 
0x45, 0xFA, 0x52, 0x02, 0xD9, 0x52, 0xE9, 0x52, 0x00, 0x03, 
0x00, 0x50, 0x00, 0x00, 0x02, 0x5B, 0x03, 0x74, 0x00, 0x03, 
0x00, 0x07, 0x00, 0x13, 0x00, 0x00, 0x01, 0x15, 0x23, 0x35, 
0x23, 0x15, 0x23, 0x35, 0x03, 0x15, 0x21, 0x15, 0x21, 0x11, 
0x21, 0x15, 0x21, 0x15, 0x21, 0x15, 0x01, 0xDE, 0x68, 0x4B, 
0x68, 0x16, 0x01, 0xAE, 0xFD, 0xF5, 0x01, 0xF9, 0xFE, 0x64, 
0x01, 0x8D, 0x03, 0x74, 0x68, 0x68, 0x68, 0x68, 0xFD, 0xD8, 
0xFA, 0x52, 0x02, 0xD9, 0x52, 0xE9, 0x52, 0x00, 0x00, 0x02, 
0x00, 0x00, 0x00, 0x00, 0x00, 0xE5, 0x03, 0x84, 0x00, 0x03, 
0x00, 0x07, 0x00, 0x00, 0x13, 0x17, 0x23, 0x27, 0x17, 0x11, 
0x23, 0x11, 0x7B, 0x6A, 0x41, 0xA4, 0xC2, 0x5E, 0x03, 0x84, 
0x7E, 0x7E, 0xAB, 0xFD, 0x27, 0x02, 0xD9, 0x00, 0x00, 0x02, 
0x00, 0x31, 0x00, 0x00, 0x01, 0x16, 0x03, 0x84, 0x00, 0x03, 
0x00, 0x07, 0x00, 0x00, 0x13, 0x33, 0x07, 0x23, 0x17, 0x11, 
0x23, 0x11, 0x9B, 0x7B, 0xA4, 0x41, 0x91, 0x5E, 0x03, 0x84, 
0x7D, 0x2E, 0xFD, 0x27, 0x02, 0xD9, 0x00, 0x02, 0x00, 0x0A, 
0x00, 0x00, 0x01, 0x29, 0x03, 0x84, 0x00, 0x06, 0x00, 0x0A, 
0x00, 0x00, 0x13, 0x33, 0x17, 0x23, 0x27, 0x07, 0x23, 0x17, 
0x11, 0x23, 0x11, 0x6A, 0x5F, 0x60, 0x3F, 0x51, 0x4F, 0x40, 
0xBD, 0x5E, 0x03, 0x84, 0x7D, 0x3D, 0x3D, 0x2E, 0xFD, 0x27, 
0x02, 0xD9, 0x00, 0x03, 0x00, 0x08, 0x00, 0x00, 0x01, 0x23, 
0x03, 0x72, 0x00, 0x03, 0x00, 0x07, 0x00, 0x0B, 0x00, 0x00, 
0x13, 0x11, 0x23, 0x11, 0x37, 0x15, 0x23, 0x35, 0x23, 0x15, 
0x23, 0x35, 0xC2, 0x5E, 0xBF, 0x68, 0x4B, 0x68, 0x02, 0xD9, 
0xFD, 0x27, 0x02, 0xD9, 0x99, 0x68, 0x68, 0x68, 0x68, 0x00, 
0x00, 0x02, 0x00, 0x14, 0x00, 0x00, 0x02, 0x9B, 0x02, 0xD9, 
0x00, 0x0E, 0x00, 0x1B, 0x00, 0x00, 0x13, 0x23, 0x35, 0x33, 
0x11, 0x21, 0x32, 0x16, 0x16, 0x15, 0x14, 0x06, 0x06, 0x23, 
0x21, 0x13, 0x11, 0x33, 0x32, 0x36, 0x35, 0x34, 0x26, 0x23, 
0x23, 0x15, 0x33, 0x15, 0x59, 0x45, 0x45, 0x01, 0x1A, 0x5C, 
0x85, 0x47, 0x47, 0x85, 0x5C, 0xFE, 0xE6, 0x5D, 0xAD, 0x6B, 
0x70, 0x70, 0x6B, 0xAD, 0xAB, 0x01, 0x53, 0x43, 0x01, 0x43, 
0x58, 0xA3, 0x71, 0x72, 0xA3, 0x58, 0x01, 0x53, 0xFE, 0xFF, 
0x90, 0x8B, 0x8B, 0x8F, 0xF1, 0x43, 0x00, 0x02, 0x00, 0x50, 
0x00, 0x00, 0x02, 0x8A, 0x03, 0x66, 0x00, 0x12, 0x00, 0x1C, 
0x00, 0x00, 0x01, 0x32, 0x16, 0x16, 0x33, 0x32, 0x37, 0x33, 
0x06, 0x23, 0x22, 0x26, 0x26, 0x23, 0x22, 0x07, 0x23, 0x36, 
0x36, 0x05, 0x11, 0x23, 0x01, 0x11, 0x23, 0x11, 0x33, 0x01, 
0x11, 0x01, 0x22, 0x19, 0x2D, 0x2B, 0x14, 0x19, 0x0C, 0x3A, 
0x0F, 0x4A, 0x12, 0x34, 0x31, 0x0F, 0x17, 0x0A, 0x3A, 0x08, 
0x2D, 0x01, 0x89, 0x69, 0xFE, 0x87, 0x58, 0x65, 0x01, 0x7D, 
0x03, 0x66, 0x12, 0x13, 0x25, 0x68, 0x13, 0x13, 0x25, 0x32, 
0x35, 0x8D, 0xFD, 0x27, 0x02, 0x4F, 0xFD, 0xB1, 0x02, 0xD9, 
0xFD, 0xAC, 0x02, 0x54, 0x00, 0x03, 0x00, 0x28, 0xFF, 0xE9, 
0x02, 0xE8, 0x03, 0x84, 0x00, 0x03, 0x00, 0x14, 0x00, 0x24, 
0x00, 0x00, 0x01, 0x17, 0x23, 0x27, 0x01, 0x14, 0x0E, 0x02, 
0x23, 0x22, 0x26, 0x26, 0x35, 0x34, 0x36, 0x36, 0x33, 0x32, 
0x16, 0x16, 0x25, 0x22, 0x06, 0x06, 0x15, 0x14, 0x16, 0x16, 
0x33, 0x32, 0x36, 0x36, 0x35, 0x34, 0x26, 0x26, 0x01, 0x6D, 
0x6A, 0x41, 0xA4, 0x01, 0xF6, 0x30, 0x5C, 0x82, 0x52, 0x69, 
0x9F, 0x58, 0x58, 0x9F, 0x68, 0x6B, 0x9F, 0x57, 0xFE, 0x9F, 
0x4D, 0x74, 0x41, 0x41, 0x75, 0x4D, 0x4D, 0x75, 0x41, 0x40, 
0x75, 0x03, 0x84, 0x7E, 0x7E, 0xFD, 0xDD, 0x4F, 0x88, 0x67, 
0x3A, 0x60, 0xAC, 0x72, 0x72, 0xAC, 0x60, 0x60, 0xAE, 0xBC, 
0x4B, 0x87, 0x5A, 0x5A, 0x87, 0x4B, 0x4B, 0x85, 0x58, 0x5C, 
0x89, 0x4B, 0x00, 0x03, 0x00, 0x28, 0xFF, 0xE9, 0x02, 0xE8, 
0x03, 0x84, 0x00, 0x03, 0x00, 0x14, 0x00, 0x24, 0x00, 0x00, 
0x01, 0x33, 0x07, 0x23, 0x01, 0x14, 0x0E, 0x02, 0x23, 0x22, 
0x26, 0x26, 0x35, 0x34, 0x36, 0x36, 0x33, 0x32, 0x16, 0x16, 
0x25, 0x22, 0x06, 0x06, 0x15, 0x14, 0x16, 0x16, 0x33, 0x32, 
0x36, 0x36, 0x35, 0x34, 0x26, 0x26, 0x01, 0xA9, 0x7B, 0xA4, 
0x41, 0x01, 0xA9, 0x30, 0x5C, 0x82, 0x52, 0x69, 0x9F, 0x58, 
0x58, 0x9F, 0x68, 0x6B, 0x9F, 0x57, 0xFE, 0x9F, 0x4D, 0x74, 
0x41, 0x41, 0x75, 0x4D, 0x4D, 0x75, 0x41, 0x40, 0x75, 0x03, 
0x84, 0x7D, 0xFE, 0x5A, 0x4F, 0x88, 0x67, 0x3A, 0x60, 0xAC, 
0x72, 0x72, 0xAC, 0x60, 0x60, 0xAE, 0xBC, 0x4B, 0x87, 0x5A, 
0x5A, 0x87, 0x4B, 0x4B, 0x85, 0x58, 0x5C, 0x89, 0x4B, 0x00, 
0x00, 0x03, 0x00, 0x28, 0xFF, 0xE9, 0x02, 0xE8, 0x03, 0x84, 
0x00, 0x06, 0x00, 0x17, 0x00, 0x27, 0x00, 0x00, 0x01, 0x33, 
0x17, 0x23, 0x27, 0x07, 0x23, 0x01, 0x14, 0x0E, 0x02, 0x23, 
0x22, 0x26, 0x26, 0x35, 0x34, 0x36, 0x36, 0x33, 0x32, 0x16, 
0x16, 0x25, 0x22, 0x06, 0x06, 0x15, 0x14, 0x16, 0x16, 0x33, 
0x32, 0x36, 0x36, 0x35, 0x34, 0x26, 0x26, 0x01, 0x5A, 0x5F, 
0x60, 0x3F, 0x51, 0x4F, 0x40, 0x01, 0xEE, 0x30, 0x5C, 0x82, 
0x52, 0x69, 0x9F, 0x58, 0x58, 0x9F, 0x68, 0x6B, 0x9F, 0x57, 
0xFE, 0x9F, 0x4D, 0x74, 0x41, 0x41, 0x75, 0x4D, 0x4D, 0x75, 
0x41, 0x40, 0x75, 0x03, 0x84, 0x7D, 0x3D, 0x3D, 0xFE, 0x5A, 
0x4F, 0x88, 0x67, 0x3A, 0x60, 0xAC, 0x72, 0x72, 0xAC, 0x60, 
0x60, 0xAE, 0xBC, 0x4B, 0x87, 0x5A, 0x5A, 0x87, 0x4B, 0x4B, 
0x85, 0x58, 0x5C, 0x89, 0x4B, 0x00, 0x00, 0x03, 0x00, 0x28, 
0xFF, 0xE9, 0x02, 0xE8, 0x03, 0x72, 0x00, 0x12, 0x00, 0x23, 
0x00, 0x33, 0x00, 0x00, 0x01, 0x32, 0x16, 0x16, 0x33, 0x32, 
0x37, 0x33, 0x06, 0x23, 0x22, 0x26, 0x26, 0x23, 0x22, 0x07, 
0x23, 0x36, 0x36, 0x01, 0x14, 0x0E, 0x02, 0x23, 0x22, 0x26, 
0x26, 0x35, 0x34, 0x36, 0x36, 0x33, 0x32, 0x16, 0x16, 0x25, 
0x22, 0x06, 0x06, 0x15, 0x14, 0x16, 0x16, 0x33, 0x32, 0x36, 
0x36, 0x35, 0x34, 0x26, 0x26, 0x01, 0x3E, 0x19, 0x2D, 0x2B, 
0x14, 0x19, 0x0C, 0x3A, 0x0F, 0x4A, 0x12, 0x34, 0x31, 0x0F, 
0x17, 0x0A, 0x3A, 0x08, 0x2D, 0x01, 0xCB, 0x30, 0x5C, 0x82, 
0x52, 0x69, 0x9F, 0x58, 0x58, 0x9F, 0x68, 0x6B, 0x9F, 0x57, 
0xFE, 0x9F, 0x4D, 0x74, 0x41, 0x41, 0x75, 0x4D, 0x4D, 0x75, 
0x41, 0x40, 0x75, 0x03, 0x72, 0x12, 0x13, 0x25, 0x68, 0x13, 
0x13, 0x25, 0x32, 0x35, 0xFD, 0xEF, 0x4F, 0x88, 0x67, 0x3A, 
0x60, 0xAC, 0x72, 0x72, 0xAC, 0x60, 0x60, 0xAE, 0xBC, 0x4B, 
0x87, 0x5A, 0x5A, 0x87, 0x4B, 0x4B, 0x85, 0x58, 0x5C, 0x89, 
0x4B, 0x00, 0x00, 0x04, 0x00, 0x28, 0xFF, 0xE9, 0x02, 0xE8, 
0x03, 0x74, 0x00, 0x03, 0x00, 0x07, 0x00, 0x18, 0x00, 0x28, 
0x00, 0x00, 0x01, 0x15, 0x23, 0x35, 0x23, 0x15, 0x23, 0x35, 
0x01, 0x14, 0x0E, 0x02, 0x23, 0x22, 0x26, 0x26, 0x35, 0x34, 
0x36, 0x36, 0x33, 0x32, 0x16, 0x16, 0x25, 0x22, 0x06, 0x06, 
0x15, 0x14, 0x16, 0x16, 0x33, 0x32, 0x36, 0x36, 0x35, 0x34, 
0x26, 0x26, 0x02, 0x16, 0x68, 0x4B, 0x68, 0x01, 0xED, 0x30, 
0x5C, 0x82, 0x52, 0x69, 0x9F, 0x58, 0x58, 0x9F, 0x68, 0x6B, 
0x9F, 0x57, 0xFE, 0x9F, 0x4D, 0x74, 0x41, 0x41, 0x75, 0x4D, 
0x4D, 0x75, 0x41, 0x40, 0x75, 0x03, 0x74, 0x68, 0x68, 0x68, 
0x68, 0xFD, 0xED, 0x4F, 0x88, 0x67, 0x3A, 0x60, 0xAC, 0x72, 
0x72, 0xAC, 0x60, 0x60, 0xAE, 0xBC, 0x4B, 0x87, 0x5A, 0x5A, 
0x87, 0x4B, 0x4B, 0x85, 0x58, 0x5C, 0x89, 0x4B, 0x00, 0x01, 
0x00, 0x5F, 0x00, 0x22, 0x01, 0xE8, 0x01, 0xAB, 0x00, 0x0B, 
0x00, 0x00, 0x01, 0x17, 0x07, 0x17, 0x07, 0x27, 0x07, 0x27, 
0x37, 0x27, 0x37, 0x17, 0x01, 0xB6, 0x31, 0x92, 0x93, 0x32, 
0x93, 0x92, 0x32, 0x93, 0x92, 0x31, 0x92, 0x01, 0xAB, 0x32, 
0x92, 0x93, 0x32, 0x93, 0x92, 0x31, 0x93, 0x92, 0x31, 0x91, 
0x00, 0x03, 0x00, 0x23, 0xFF, 0xE9, 0x02, 0xED, 0x02, 0xF3, 
0x00, 0x16, 0x00, 0x1F, 0x00, 0x28, 0x00, 0x00, 0x37, 0x37, 
0x26, 0x35, 0x34, 0x36, 0x36, 0x33, 0x32, 0x17, 0x37, 0x17, 
0x07, 0x16, 0x16, 0x15, 0x14, 0x06, 0x06, 0x23, 0x22, 0x27, 
0x07, 0x37, 0x01, 0x26, 0x23, 0x22, 0x06, 0x06, 0x15, 0x14, 
0x01, 0x01, 0x16, 0x33, 0x32, 0x36, 0x36, 0x35, 0x34, 0x23, 
0x51, 0x4C, 0x58, 0x9F, 0x69, 0x89, 0x5D, 0x57, 0x28, 0x59, 
0x29, 0x2B, 0x58, 0x9F, 0x69, 0x90, 0x61, 0x4D, 0x69, 0x01, 
0x80, 0x49, 0x62, 0x4D, 0x75, 0x41, 0x01, 0xD1, 0xFE, 0x7D, 
0x4A, 0x6B, 0x4E, 0x74, 0x41, 0x13, 0x59, 0x6A, 0x92, 0x72, 
0xAB, 0x60, 0x51, 0x5F, 0x24, 0x61, 0x33, 0x88, 0x4D, 0x72, 
0xAB, 0x60, 0x5A, 0x54, 0xC1, 0x01, 0xA3, 0x40, 0x4B, 0x86, 
0x5A, 0x68, 0x01, 0x2A, 0xFE, 0x5B, 0x4A, 0x4B, 0x87, 0x59, 
0x72, 0x00, 0x00, 0x02, 0x00, 0x50, 0xFF, 0xE9, 0x02, 0x80, 
0x03, 0x84, 0x00, 0x03, 0x00, 0x16, 0x00, 0x00, 0x01, 0x17, 
0x23, 0x27, 0x05, 0x33, 0x11, 0x14, 0x06, 0x06, 0x23, 0x22, 
0x26, 0x35, 0x11, 0x33, 0x11, 0x14, 0x16, 0x33, 0x32, 0x36, 
0x35, 0x01, 0x59, 0x6A, 0x41, 0xA4, 0x01, 0x45, 0x5D, 0x45, 
0x7E, 0x56, 0x82, 0x95, 0x5D, 0x6A, 0x50, 0x58, 0x64, 0x03, 
0x84, 0x7E, 0x7E, 0xAB, 0xFE, 0x00, 0x49, 0x6C, 0x3B, 0x81, 
0x6F, 0x02, 0x00, 0xFE, 0x00, 0x52, 0x4C, 0x55, 0x49, 0x00, 
0x00, 0x02, 0x00, 0x50, 0xFF, 0xE9, 0x02, 0x80, 0x03, 0x84, 
0x00, 0x03, 0x00, 0x16, 0x00, 0x00, 0x01, 0x33, 0x07, 0x23, 
0x05, 0x33, 0x11, 0x14, 0x06, 0x06, 0x23, 0x22, 0x26, 0x35, 
0x11, 0x33, 0x11, 0x14, 0x16, 0x33, 0x32, 0x36, 0x35, 0x01, 
0x81, 0x7B, 0xA4, 0x41, 0x01, 0x0C, 0x5D, 0x45, 0x7E, 0x56, 
0x82, 0x95, 0x5D, 0x6A, 0x50, 0x58, 0x64, 0x03, 0x84, 0x7D, 
0x2E, 0xFE, 0x00, 0x49, 0x6C, 0x3B, 0x81, 0x6F, 0x02, 0x00, 
0xFE, 0x00, 0x52, 0x4C, 0x55, 0x49, 0x00, 0x02, 0x00, 0x50, 
0xFF, 0xE9, 0x02, 0x80, 0x03, 0x84, 0x00, 0x06, 0x00, 0x19, 
0x00, 0x00, 0x01, 0x33, 0x17, 0x23, 0x27, 0x07, 0x23, 0x05, 
0x33, 0x11, 0x14, 0x06, 0x06, 0x23, 0x22, 0x26, 0x35, 0x11, 
0x33, 0x11, 0x14, 0x16, 0x33, 0x32, 0x36, 0x35, 0x01, 0x3C, 
0x5F, 0x60, 0x3F, 0x51, 0x4F, 0x40, 0x01, 0x47, 0x5D, 0x45, 
0x7E, 0x56, 0x82, 0x95, 0x5D, 0x6A, 0x50, 0x58, 0x64, 0x03, 
0x84, 0x7D, 0x3D, 0x3D, 0x2E, 0xFE, 0x00, 0x49, 0x6C, 0x3B, 
0x81, 0x6F, 0x02, 0x00, 0xFE, 0x00, 0x52, 0x4C, 0x55, 0x49, 
0x00, 0x03, 0x00, 0x50, 0xFF, 0xE9, 0x02, 0x80, 0x03, 0x71, 
0x00, 0x12, 0x00, 0x16, 0x00, 0x1A, 0x00, 0x00, 0x01, 0x33, 
0x11, 0x14, 0x06, 0x06, 0x23, 0x22, 0x26, 0x35, 0x11, 0x33, 
0x11, 0x14, 0x16, 0x33, 0x32, 0x36, 0x35, 0x03, 0x15, 0x23, 
0x35, 0x23, 0x15, 0x23, 0x35, 0x02, 0x23, 0x5D, 0x45, 0x7E, 
0x56, 0x82, 0x95, 0x5D, 0x6A, 0x50, 0x58, 0x64, 0x25, 0x68, 
0x4B, 0x68, 0x02, 0xD9, 0xFE, 0x00, 0x49, 0x6C, 0x3B, 0x81, 
0x6F, 0x02, 0x00, 0xFE, 0x00, 0x52, 0x4C, 0x55, 0x49, 0x02, 
0x98, 0x68, 0x68, 0x68, 0x68, 0x00, 0x00, 0x02, 0x00, 0x0F, 
0x00, 0x00, 0x02, 0x97, 0x03, 0x84, 0x00, 0x03, 0x00, 0x0C, 
0x00, 0x00, 0x01, 0x33, 0x07, 0x23, 0x13, 0x11, 0x23, 0x11, 
0x01, 0x33, 0x13, 0x13, 0x33, 0x01, 0x6D, 0x7B, 0xA4, 0x41, 
0x82, 0x5D, 0xFE, 0xE7, 0x73, 0xD6, 0xD0, 0x6F, 0x03, 0x84, 
0x7D, 0xFE, 0x17, 0xFE, 0xE2, 0x01, 0x1E, 0x01, 0xBB, 0xFE, 
0x9D, 0x01, 0x63, 0x00, 0x00, 0x02, 0x00, 0x50, 0x00, 0x00, 
0x02, 0x5D, 0x02, 0xD9, 0x00, 0x0D, 0x00, 0x16, 0x00, 0x00, 
0x37, 0x15, 0x23, 0x11, 0x33, 0x15, 0x33, 0x32, 0x16, 0x15, 
0x14, 0x06, 0x06, 0x23, 0x27, 0x33, 0x32, 0x36, 0x35, 0x34, 
0x26, 0x23, 0x23, 0xAD, 0x5D, 0x5D, 0xD0, 0x68, 0x78, 0x34, 
0x5B, 0x3C, 0xE5, 0xC2, 0x41, 0x49, 0x49, 0x41, 0xC2, 0xBD, 
0xBD, 0x02, 0xD9, 0x78, 0x71, 0x63, 0x3D, 0x5E, 0x35, 0x52, 
0x44, 0x3C, 0x3C, 0x44, 0x00, 0x01, 0x00, 0x50, 0xFF, 0xE8, 
0x02, 0x2A, 0x02, 0xD8, 0x00, 0x2D, 0x00, 0x00, 0x01, 0x32, 
0x36, 0x36, 0x35, 0x34, 0x26, 0x23, 0x22, 0x06, 0x15, 0x11, 
0x23, 0x11, 0x34, 0x36, 0x33, 0x32, 0x16, 0x15, 0x14, 0x06, 
0x06, 0x07, 0x1E, 0x02, 0x15, 0x14, 0x06, 0x06, 0x23, 0x22, 
0x26, 0x27, 0x35, 0x16, 0x16, 0x33, 0x32, 0x36, 0x35, 0x34, 
0x26, 0x26, 0x23, 0x01, 0x15, 0x3C, 0x44, 0x1B, 0x48, 0x3C, 
0x49, 0x3B, 0x58, 0x73, 0x6A, 0x67, 0x74, 0x1F, 0x27, 0x0C, 
0x25, 0x34, 0x1B, 0x3F, 0x6A, 0x3F, 0x16, 0x2A, 0x09, 0x0B, 
0x2B, 0x0A, 0x41, 0x55, 0x2E, 0x53, 0x39, 0x01, 0xAB, 0x20, 
0x34, 0x1D, 0x31, 0x3F, 0x4E, 0x40, 0xFE, 0x02, 0x02, 0x14, 
0x56, 0x6E, 0x62, 0x52, 0x31, 0x3B, 0x20, 0x08, 0x0A, 0x38, 
0x46, 0x1E, 0x58, 0x73, 0x37, 0x0C, 0x04, 0x4B, 0x04, 0x07, 
0x52, 0x4C, 0x39, 0x3C, 0x17, 0x00, 0x00, 0x03, 0x00, 0x1E, 
0xFF, 0xE9, 0x02, 0x0B, 0x02, 0xE4, 0x00, 0x03, 0x00, 0x2E, 
0x00, 0x3C, 0x00, 0x00, 0x13, 0x17, 0x23, 0x27, 0x03, 0x3E, 
0x03, 0x33, 0x32, 0x16, 0x15, 0x11, 0x14, 0x33, 0x32, 0x36, 
0x37, 0x15, 0x06, 0x06, 0x23, 0x22, 0x26, 0x27, 0x06, 0x06, 
0x23, 0x22, 0x26, 0x35, 0x34, 0x3E, 0x02, 0x37, 0x36, 0x36, 
0x35, 0x35, 0x34, 0x26, 0x23, 0x22, 0x06, 0x07, 0x13, 0x32, 
0x36, 0x36, 0x35, 0x35, 0x0E, 0x04, 0x15, 0x14, 0x16, 0xF2, 
0x60, 0x3C, 0x95, 0x4C, 0x02, 0x27, 0x3D, 0x49, 0x23, 0x61, 
0x64, 0x2D, 0x04, 0x07, 0x07, 0x14, 0x18, 0x0D, 0x28, 0x29, 
0x05, 0x2C, 0x54, 0x32, 0x4F, 0x5D, 0x26, 0x45, 0x60, 0x39, 
0x32, 0x25, 0x3D, 0x38, 0x3A, 0x3C, 0x05, 0x53, 0x32, 0x46, 
0x25, 0x19, 0x44, 0x46, 0x3C, 0x25, 0x36, 0x02, 0xE4, 0x94, 
0x94, 0xFE, 0x8D, 0x35, 0x43, 0x24, 0x0E, 0x49, 0x46, 0xFE, 
0xCC, 0x29, 0x01, 0x01, 0x3F, 0x05, 0x04, 0x25, 0x28, 0x28, 
0x25, 0x54, 0x47, 0x35, 0x3D, 0x22, 0x11, 0x07, 0x06, 0x1A, 
0x1A, 0x16, 0x26, 0x28, 0x2D, 0x30, 0xFE, 0xC1, 0x25, 0x35, 
0x19, 0x5E, 0x0C, 0x0B, 0x0A, 0x13, 0x26, 0x23, 0x28, 0x2C, 
0x00, 0x03, 0x00, 0x1E, 0xFF, 0xE9, 0x02, 0x0B, 0x02, 0xE4, 
0x00, 0x03, 0x00, 0x2E, 0x00, 0x3C, 0x00, 0x00, 0x01, 0x33, 
0x07, 0x23, 0x07, 0x3E, 0x03, 0x33, 0x32, 0x16, 0x15, 0x11, 
0x14, 0x33, 0x32, 0x36, 0x37, 0x15, 0x06, 0x06, 0x23, 0x22, 
0x26, 0x27, 0x06, 0x06, 0x23, 0x22, 0x26, 0x35, 0x34, 0x3E, 
0x02, 0x37, 0x36, 0x36, 0x35, 0x35, 0x34, 0x26, 0x23, 0x22, 
0x06, 0x07, 0x13, 0x32, 0x36, 0x36, 0x35, 0x35, 0x0E, 0x04, 
0x15, 0x14, 0x16, 0x01, 0x18, 0x71, 0x95, 0x3C, 0x83, 0x02, 
0x27, 0x3D, 0x49, 0x23, 0x61, 0x64, 0x2D, 0x04, 0x07, 0x07, 
0x14, 0x18, 0x0D, 0x28, 0x29, 0x05, 0x2C, 0x54, 0x32, 0x4F, 
0x5D, 0x26, 0x45, 0x60, 0x39, 0x32, 0x25, 0x3D, 0x38, 0x3A, 
0x3C, 0x05, 0x53, 0x32, 0x46, 0x25, 0x19, 0x44, 0x46, 0x3C, 
0x25, 0x36, 0x02, 0xE4, 0x94, 0xDF, 0x35, 0x43, 0x24, 0x0E, 
0x49, 0x46, 0xFE, 0xCC, 0x29, 0x01, 0x01, 0x3F, 0x05, 0x04, 
0x25, 0x28, 0x28, 0x25, 0x54, 0x47, 0x35, 0x3D, 0x22, 0x11, 
0x07, 0x06, 0x1A, 0x1A, 0x16, 0x26, 0x28, 0x2D, 0x30, 0xFE, 
0xC1, 0x25, 0x35, 0x19, 0x5E, 0x0C, 0x0B, 0x0A, 0x13, 0x26, 
0x23, 0x28, 0x2C, 0x00, 0x00, 0x03, 0x00, 0x1E, 0xFF, 0xE9, 
0x02, 0x0B, 0x02, 0xD7, 0x00, 0x06, 0x00, 0x31, 0x00, 0x3F, 
0x00, 0x00, 0x13, 0x33, 0x17, 0x23, 0x27, 0x07, 0x23, 0x07, 
0x3E, 0x03, 0x33, 0x32, 0x16, 0x15, 0x11, 0x14, 0x33, 0x32, 
0x36, 0x37, 0x15, 0x06, 0x06, 0x23, 0x22, 0x26, 0x27, 0x06, 
0x06, 0x23, 0x22, 0x26, 0x35, 0x34, 0x3E, 0x02, 0x37, 0x36, 
0x36, 0x35, 0x35, 0x34, 0x26, 0x23, 0x22, 0x06, 0x07, 0x13, 
0x32, 0x36, 0x36, 0x35, 0x35, 0x0E, 0x04, 0x15, 0x14, 0x16, 
0xE4, 0x5F, 0x60, 0x3F, 0x51, 0x4F, 0x40, 0x4F, 0x02, 0x27, 
0x3D, 0x49, 0x23, 0x61, 0x64, 0x2D, 0x04, 0x07, 0x07, 0x14, 
0x18, 0x0D, 0x28, 0x29, 0x05, 0x2C, 0x54, 0x32, 0x4F, 0x5D, 
0x26, 0x45, 0x60, 0x39, 0x32, 0x25, 0x3D, 0x38, 0x3A, 0x3C, 
0x05, 0x53, 0x32, 0x46, 0x25, 0x19, 0x44, 0x46, 0x3C, 0x25, 
0x36, 0x02, 0xD7, 0x96, 0x60, 0x60, 0xD0, 0x35, 0x43, 0x24, 
0x0E, 0x49, 0x46, 0xFE, 0xCC, 0x29, 0x01, 0x01, 0x3F, 0x05, 
0x04, 0x25, 0x28, 0x28, 0x25, 0x54, 0x47, 0x35, 0x3D, 0x22, 
0x11, 0x07, 0x06, 0x1A, 0x1A, 0x16, 0x26, 0x28, 0x2D, 0x30, 
0xFE, 0xC1, 0x25, 0x35, 0x19, 0x5E, 0x0C, 0x0B, 0x0A, 0x13, 
0x26, 0x23, 0x28, 0x2C, 0x00, 0x03, 0x00, 0x1E, 0xFF, 0xE9, 
0x02, 0x0B, 0x02, 0xC5, 0x00, 0x12, 0x00, 0x3D, 0x00, 0x4B, 
0x00, 0x00, 0x13, 0x32, 0x16, 0x16, 0x33, 0x32, 0x37, 0x33, 
0x06, 0x23, 0x22, 0x26, 0x26, 0x23, 0x22, 0x07, 0x23, 0x36, 
0x36, 0x03, 0x3E, 0x03, 0x33, 0x32, 0x16, 0x15, 0x11, 0x14, 
0x33, 0x32, 0x36, 0x37, 0x15, 0x06, 0x06, 0x23, 0x22, 0x26, 
0x27, 0x06, 0x06, 0x23, 0x22, 0x26, 0x35, 0x34, 0x3E, 0x02, 
0x37, 0x36, 0x36, 0x35, 0x35, 0x34, 0x26, 0x23, 0x22, 0x06, 
0x07, 0x13, 0x32, 0x36, 0x36, 0x35, 0x35, 0x0E, 0x04, 0x15, 
0x14, 0x16, 0xCC, 0x19, 0x2D, 0x2B, 0x14, 0x19, 0x0C, 0x3A, 
0x0F, 0x4A, 0x12, 0x34, 0x31, 0x0F, 0x17, 0x0A, 0x3A, 0x08, 
0x2D, 0x76, 0x02, 0x27, 0x3D, 0x49, 0x23, 0x61, 0x64, 0x2D, 
0x04, 0x07, 0x07, 0x14, 0x18, 0x0D, 0x28, 0x29, 0x05, 0x2C, 
0x54, 0x32, 0x4F, 0x5D, 0x26, 0x45, 0x60, 0x39, 0x32, 0x25, 
0x3D, 0x38, 0x3A, 0x3C, 0x05, 0x53, 0x32, 0x46, 0x25, 0x19, 
0x44, 0x46, 0x3C, 0x25, 0x36, 0x02, 0xC5, 0x12, 0x13, 0x25, 
0x68, 0x13, 0x13, 0x25, 0x32, 0x35, 0xFE, 0xAC, 0x35, 0x43, 
0x24, 0x0E, 0x49, 0x46, 0xFE, 0xCC, 0x29, 0x01, 0x01, 0x3F, 
0x05, 0x04, 0x25, 0x28, 0x28, 0x25, 0x54, 0x47, 0x35, 0x3D, 
0x22, 0x11, 0x07, 0x06, 0x1A, 0x1A, 0x16, 0x26, 0x28, 0x2D, 
0x30, 0xFE, 0xC1, 0x25, 0x35, 0x19, 0x5E, 0x0C, 0x0B, 0x0A, 
0x13, 0x26, 0x23, 0x28, 0x2C, 0x00, 0x00, 0x04, 0x00, 0x1E, 
0xFF, 0xE9, 0x02, 0x0B, 0x02, 0xD7, 0x00, 0x03, 0x00, 0x07, 
0x00, 0x32, 0x00, 0x40, 0x00, 0x00, 0x01, 0x15, 0x23, 0x35, 
0x23, 0x15, 0x23, 0x35, 0x03, 0x3E, 0x03, 0x33, 0x32, 0x16, 
0x15, 0x11, 0x14, 0x33, 0x32, 0x36, 0x37, 0x15, 0x06, 0x06, 
0x23, 0x22, 0x26, 0x27, 0x06, 0x06, 0x23, 0x22, 0x26, 0x35, 
0x34, 0x3E, 0x02, 0x37, 0x36, 0x36, 0x35, 0x35, 0x34, 0x26, 
0x23, 0x22, 0x06, 0x07, 0x13, 0x32, 0x36, 0x36, 0x35, 0x35, 
0x0E, 0x04, 0x15, 0x14, 0x16, 0x01, 0xA4, 0x68, 0x4B, 0x68, 
0x54, 0x02, 0x27, 0x3D, 0x49, 0x23, 0x61, 0x64, 0x2D, 0x04, 
0x07, 0x07, 0x14, 0x18, 0x0D, 0x28, 0x29, 0x05, 0x2C, 0x54, 
0x32, 0x4F, 0x5D, 0x26, 0x45, 0x60, 0x39, 0x32, 0x25, 0x3D, 
0x38, 0x3A, 0x3C, 0x05, 0x53, 0x32, 0x46, 0x25, 0x19, 0x44, 
0x46, 0x3C, 0x25, 0x36, 0x02, 0xD7, 0x68, 0x68, 0x68, 0x68, 
0xFE, 0x9A, 0x35, 0x43, 0x24, 0x0E, 0x49, 0x46, 0xFE, 0xCC, 
0x29, 0x01, 0x01, 0x3F, 0x05, 0x04, 0x25, 0x28, 0x28, 0x25, 
0x54, 0x47, 0x35, 0x3D, 0x22, 0x11, 0x07, 0x06, 0x1A, 0x1A, 
0x16, 0x26, 0x28, 0x2D, 0x30, 0xFE, 0xC1, 0x25, 0x35, 0x19, 
0x5E, 0x0C, 0x0B, 0x0A, 0x13, 0x26, 0x23, 0x28, 0x2C, 0x00, 
0x00, 0x04, 0x00, 0x1E, 0xFF, 0xE9, 0x02, 0x0B, 0x03, 0x04, 
0x00, 0x0D, 0x00, 0x19, 0x00, 0x44, 0x00, 0x52, 0x00, 0x00, 
0x01, 0x32, 0x16, 0x15, 0x14, 0x06, 0x23, 0x22, 0x26, 0x26, 
0x35, 0x34, 0x36, 0x36, 0x17, 0x22, 0x06, 0x15, 0x14, 0x16, 
0x33, 0x32, 0x36, 0x35, 0x34, 0x26, 0x03, 0x3E, 0x03, 0x33, 
0x32, 0x16, 0x15, 0x11, 0x14, 0x33, 0x32, 0x36, 0x37, 0x15, 
0x06, 0x06, 0x23, 0x22, 0x26, 0x27, 0x06, 0x06, 0x23, 0x22, 
0x26, 0x35, 0x34, 0x3E, 0x02, 0x37, 0x36, 0x36, 0x35, 0x35, 
0x34, 0x26, 0x23, 0x22, 0x06, 0x07, 0x13, 0x32, 0x36, 0x36, 
0x35, 0x35, 0x0E, 0x04, 0x15, 0x14, 0x16, 0x01, 0x13, 0x2C, 
0x3E, 0x3E, 0x2C, 0x1D, 0x30, 0x1D, 0x1D, 0x30, 0x1D, 0x12, 
0x1A, 0x1A, 0x12, 0x12, 0x1A, 0x19, 0xF1, 0x02, 0x27, 0x3D, 
0x49, 0x23, 0x61, 0x64, 0x2D, 0x04, 0x07, 0x07, 0x14, 0x18, 
0x0D, 0x28, 0x29, 0x05, 0x2C, 0x54, 0x32, 0x4F, 0x5D, 0x26, 
0x45, 0x60, 0x39, 0x32, 0x25, 0x3D, 0x38, 0x3A, 0x3C, 0x05, 
0x53, 0x32, 0x46, 0x25, 0x19, 0x44, 0x46, 0x3C, 0x25, 0x36, 
0x03, 0x04, 0x3E, 0x2C, 0x2B, 0x3D, 0x1D, 0x30, 0x1C, 0x1D, 
0x2F, 0x1D, 0x3E, 0x1A, 0x11, 0x12, 0x1A, 0x1A, 0x11, 0x13, 
0x19, 0xFE, 0xAB, 0x35, 0x43, 0x24, 0x0E, 0x49, 0x46, 0xFE, 
0xCC, 0x29, 0x01, 0x01, 0x3F, 0x05, 0x04, 0x25, 0x28, 0x28, 
0x25, 0x54, 0x47, 0x35, 0x3D, 0x22, 0x11, 0x07, 0x06, 0x1A, 
0x1A, 0x16, 0x26, 0x28, 0x2D, 0x30, 0xFE, 0xC1, 0x25, 0x35, 
0x19, 0x5E, 0x0C, 0x0B, 0x0A, 0x13, 0x26, 0x23, 0x28, 0x2C, 
0x00, 0x03, 0x00, 0x1E, 0xFF, 0xE9, 0x03, 0x49, 0x02, 0x1B, 
0x00, 0x34, 0x00, 0x43, 0x00, 0x4A, 0x00, 0x00, 0x25, 0x1E, 
0x03, 0x33, 0x32, 0x37, 0x33, 0x06, 0x06, 0x23, 0x22, 0x2E, 
0x02, 0x27, 0x06, 0x06, 0x23, 0x22, 0x26, 0x35, 0x34, 0x36, 
0x36, 0x37, 0x36, 0x36, 0x35, 0x35, 0x34, 0x23, 0x22, 0x06, 
0x07, 0x23, 0x3E, 0x03, 0x33, 0x32, 0x17, 0x36, 0x36, 0x33, 
0x32, 0x16, 0x17, 0x16, 0x16, 0x15, 0x05, 0x32, 0x3E, 0x02, 
0x35, 0x35, 0x0E, 0x04, 0x15, 0x14, 0x16, 0x25, 0x21, 0x34, 
0x26, 0x23, 0x22, 0x06, 0x01, 0xC7, 0x01, 0x1F, 0x2E, 0x35, 
0x17, 0x65, 0x25, 0x54, 0x10, 0x76, 0x59, 0x36, 0x49, 0x2C, 
0x15, 0x02, 0x38, 0x65, 0x3B, 0x4C, 0x5C, 0x42, 0x76, 0x4C, 
0x33, 0x24, 0x76, 0x3A, 0x3B, 0x05, 0x54, 0x02, 0x27, 0x3D, 
0x48, 0x22, 0x80, 0x2F, 0x1B, 0x5C, 0x36, 0x49, 0x71, 0x19, 
0x0B, 0x0A, 0xFD, 0x90, 0x28, 0x3C, 0x28, 0x14, 0x1E, 0x46, 
0x45, 0x39, 0x22, 0x36, 0x01, 0x1E, 0x01, 0x26, 0x50, 0x40, 
0x3F, 0x52, 0xEA, 0x37, 0x46, 0x27, 0x10, 0x69, 0x55, 0x61, 
0x1F, 0x29, 0x22, 0x04, 0x3A, 0x34, 0x55, 0x46, 0x42, 0x45, 
0x1E, 0x06, 0x05, 0x19, 0x1D, 0x16, 0x4E, 0x2D, 0x30, 0x35, 
0x43, 0x24, 0x0E, 0x52, 0x26, 0x2C, 0x4A, 0x40, 0x1D, 0x4E, 
0x3C, 0xB8, 0x1A, 0x26, 0x23, 0x08, 0x65, 0x0D, 0x0C, 0x09, 
0x12, 0x25, 0x23, 0x27, 0x2D, 0xFC, 0x47, 0x59, 0x57, 0x00, 
0x00, 0x01, 0x00, 0x1E, 0xFF, 0x2A, 0x01, 0xDC, 0x02, 0x1B, 
0x00, 0x37, 0x00, 0x00, 0x17, 0x2E, 0x04, 0x35, 0x34, 0x36, 
0x36, 0x33, 0x32, 0x16, 0x17, 0x23, 0x26, 0x26, 0x23, 0x22, 
0x06, 0x15, 0x14, 0x16, 0x33, 0x32, 0x37, 0x33, 0x06, 0x06, 
0x23, 0x07, 0x36, 0x32, 0x33, 0x32, 0x16, 0x15, 0x14, 0x06, 
0x23, 0x22, 0x26, 0x26, 0x27, 0x37, 0x16, 0x16, 0x33, 0x32, 
0x36, 0x35, 0x34, 0x23, 0x22, 0x07, 0x27, 0xE0, 0x38, 0x49, 
0x29, 0x13, 0x05, 0x3A, 0x69, 0x46, 0x5A, 0x6E, 0x07, 0x54, 
0x07, 0x40, 0x35, 0x44, 0x4D, 0x4E, 0x45, 0x6B, 0x15, 0x54, 
0x05, 0x74, 0x5C, 0x0D, 0x0B, 0x0B, 0x06, 0x26, 0x29, 0x42, 
0x39, 0x13, 0x21, 0x29, 0x20, 0x15, 0x18, 0x2C, 0x1E, 0x17, 
0x1F, 0x2E, 0x0F, 0x10, 0x0C, 0x15, 0x0B, 0x34, 0x45, 0x46, 
0x39, 0x0F, 0x57, 0x81, 0x46, 0x61, 0x5E, 0x37, 0x3B, 0x6F, 
0x63, 0x5D, 0x6A, 0x7F, 0x5E, 0x6D, 0x21, 0x02, 0x23, 0x20, 
0x2B, 0x32, 0x05, 0x0F, 0x0D, 0x29, 0x0A, 0x17, 0x1A, 0x13, 
0x25, 0x08, 0x07, 0x00, 0x00, 0x03, 0x00, 0x1E, 0xFF, 0xE9, 
0x01, 0xF7, 0x02, 0xE4, 0x00, 0x03, 0x00, 0x17, 0x00, 0x1F, 
0x00, 0x00, 0x13, 0x17, 0x23, 0x27, 0x01, 0x21, 0x16, 0x16, 
0x33, 0x32, 0x37, 0x33, 0x06, 0x06, 0x23, 0x22, 0x26, 0x35, 
0x34, 0x36, 0x36, 0x33, 0x32, 0x16, 0x05, 0x21, 0x34, 0x26, 
0x26, 0x23, 0x22, 0x06, 0xF6, 0x60, 0x3C, 0x95, 0x01, 0x72, 
0xFE, 0x7E, 0x02, 0x4F, 0x49, 0x66, 0x23, 0x54, 0x10, 0x76, 
0x5A, 0x6E, 0x80, 0x3B, 0x6C, 0x49, 0x7A, 0x6F, 0xFE, 0x80, 
0x01, 0x27, 0x25, 0x41, 0x2B, 0x3F, 0x52, 0x02, 0xE4, 0x94, 
0x94, 0xFE, 0x06, 0x50, 0x64, 0x69, 0x55, 0x61, 0x95, 0x81, 
0x56, 0x80, 0x46, 0xA2, 0x4B, 0x2D, 0x49, 0x2A, 0x57, 0x00, 
0x00, 0x03, 0x00, 0x1E, 0xFF, 0xE9, 0x01, 0xF7, 0x02, 0xE4, 
0x00, 0x03, 0x00, 0x17, 0x00, 0x1F, 0x00, 0x00, 0x01, 0x33, 
0x07, 0x23, 0x01, 0x21, 0x16, 0x16, 0x33, 0x32, 0x37, 0x33, 
0x06, 0x06, 0x23, 0x22, 0x26, 0x35, 0x34, 0x36, 0x36, 0x33, 
0x32, 0x16, 0x05, 0x21, 0x34, 0x26, 0x26, 0x23, 0x22, 0x06, 
0x01, 0x26, 0x71, 0x95, 0x3C, 0x01, 0x31, 0xFE, 0x7E, 0x02, 
0x4F, 0x49, 0x66, 0x23, 0x54, 0x10, 0x76, 0x5A, 0x6E, 0x80, 
0x3B, 0x6C, 0x49, 0x7A, 0x6F, 0xFE, 0x80, 0x01, 0x27, 0x25, 
0x41, 0x2B, 0x3F, 0x52, 0x02, 0xE4, 0x94, 0xFE, 0x9A, 0x50, 
0x64, 0x69, 0x55, 0x61, 0x95, 0x81, 0x56, 0x80, 0x46, 0xA2, 
0x4B, 0x2D, 0x49, 0x2A, 0x57, 0x00, 0x00, 0x03, 0x00, 0x1E, 
0xFF, 0xE9, 0x01, 0xF7, 0x02, 0xD7, 0x00, 0x06, 0x00, 0x1A, 
0x00, 0x22, 0x00, 0x00, 0x13, 0x33, 0x17, 0x23, 0x27, 0x07, 
0x23, 0x01, 0x21, 0x16, 0x16, 0x33, 0x32, 0x37, 0x33, 0x06, 
0x06, 0x23, 0x22, 0x26, 0x35, 0x34, 0x36, 0x36, 0x33, 0x32, 
0x16, 0x05, 0x21, 0x34, 0x26, 0x26, 0x23, 0x22, 0x06, 0xE5, 
0x5F, 0x60, 0x3F, 0x51, 0x4F, 0x40, 0x01, 0x72, 0xFE, 0x7E, 
0x02, 0x4F, 0x49, 0x66, 0x23, 0x54, 0x10, 0x76, 0x5A, 0x6E, 
0x80, 0x3B, 0x6C, 0x49, 0x7A, 0x6F, 0xFE, 0x80, 0x01, 0x27, 
0x25, 0x41, 0x2B, 0x3F, 0x52, 0x02, 0xD7, 0x96, 0x60, 0x60, 
0xFE, 0xA9, 0x50, 0x64, 0x69, 0x55, 0x61, 0x95, 0x81, 0x56, 
0x80, 0x46, 0xA2, 0x4B, 0x2D, 0x49, 0x2A, 0x57, 0x00, 0x04, 
0x00, 0x1E, 0xFF, 0xE9, 0x01, 0xF7, 0x02, 0xD7, 0x00, 0x03, 
0x00, 0x07, 0x00, 0x1B, 0x00, 0x23, 0x00, 0x00, 0x01, 0x15, 
0x23, 0x35, 0x23, 0x15, 0x23, 0x35, 0x01, 0x21, 0x16, 0x16, 
0x33, 0x32, 0x37, 0x33, 0x06, 0x06, 0x23, 0x22, 0x26, 0x35, 
0x34, 0x36, 0x36, 0x33, 0x32, 0x16, 0x05, 0x21, 0x34, 0x26, 
0x26, 0x23, 0x22, 0x06, 0x01, 0x9F, 0x68, 0x4B, 0x68, 0x01, 
0x73, 0xFE, 0x7E, 0x02, 0x4F, 0x49, 0x66, 0x23, 0x54, 0x10, 
0x76, 0x5A, 0x6E, 0x80, 0x3B, 0x6C, 0x49, 0x7A, 0x6F, 0xFE, 
0x80, 0x01, 0x27, 0x25, 0x41, 0x2B, 0x3F, 0x52, 0x02, 0xD7, 
0x68, 0x68, 0x68, 0x68, 0xFE, 0x13, 0x50, 0x64, 0x69, 0x55, 
0x61, 0x95, 0x81, 0x56, 0x80, 0x46, 0xA2, 0x4B, 0x2D, 0x49, 
0x2A, 0x57, 0x00, 0x02, 0x00, 0x00, 0x00, 0x00, 0x00, 0xD1, 
0x02, 0xE4, 0x00, 0x03, 0x00, 0x07, 0x00, 0x00, 0x13, 0x17, 
0x23, 0x27, 0x17, 0x11, 0x23, 0x11, 0x71, 0x60, 0x3C, 0x95, 
0x99, 0x53, 0x02, 0xE4, 0x94, 0x94, 0xD8, 0xFD, 0xF4, 0x02, 
0x0C, 0x00, 0x00, 0x02, 0x00, 0x0D, 0x00, 0x00, 0x00, 0xDE, 
0x02, 0xE4, 0x00, 0x03, 0x00, 0x07, 0x00, 0x00, 0x13, 0x33, 
0x07, 0x23, 0x17, 0x11, 0x23, 0x11, 0x6D, 0x71, 0x95, 0x3C, 
0x8C, 0x53, 0x02, 0xE4, 0x94, 0x44, 0xFD, 0xF4, 0x02, 0x0C, 
0x00, 0x02, 0xFF, 0xF4, 0x00, 0x00, 0x01, 0x13, 0x02, 0xD7, 
0x00, 0x03, 0x00, 0x0A, 0x00, 0x00, 0x13, 0x11, 0x23, 0x11, 
0x27, 0x33, 0x17, 0x23, 0x27, 0x07, 0x23, 0xAD, 0x53, 0x06, 
0x5F, 0x60, 0x3F, 0x51, 0x4F, 0x40, 0x02, 0x0C, 0xFD, 0xF4, 
0x02, 0x0C, 0xCB, 0x96, 0x60, 0x60, 0x00, 0x03, 0xFF, 0xF5, 
0x00, 0x00, 0x01, 0x10, 0x02, 0xD8, 0x00, 0x03, 0x00, 0x07, 
0x00, 0x0B, 0x00, 0x00, 0x13, 0x11, 0x23, 0x11, 0x37, 0x15, 
0x23, 0x35, 0x23, 0x15, 0x23, 0x35, 0xAD, 0x53, 0xB6, 0x68, 
0x4B, 0x68, 0x02, 0x0C, 0xFD, 0xF4, 0x02, 0x0C, 0xCC, 0x68, 
0x68, 0x68, 0x68, 0x00, 0x00, 0x02, 0x00, 0x1E, 0xFF, 0xE9, 
0x01, 0xF8, 0x02, 0xE7, 0x00, 0x24, 0x00, 0x30, 0x00, 0x00, 
0x13, 0x34, 0x3E, 0x02, 0x33, 0x32, 0x16, 0x17, 0x2E, 0x02, 
0x27, 0x07, 0x27, 0x37, 0x26, 0x26, 0x27, 0x37, 0x1E, 0x02, 
0x17, 0x37, 0x17, 0x07, 0x1E, 0x03, 0x15, 0x14, 0x06, 0x23, 
0x22, 0x26, 0x13, 0x22, 0x06, 0x15, 0x14, 0x16, 0x33, 0x32, 
0x36, 0x35, 0x34, 0x26, 0x1E, 0x2B, 0x43, 0x4B, 0x21, 0x0E, 
0x1B, 0x16, 0x11, 0x19, 0x1E, 0x1A, 0x61, 0x24, 0x55, 0x13, 
0x1F, 0x20, 0x2C, 0x10, 0x19, 0x25, 0x21, 0x61, 0x28, 0x5A, 
0x1B, 0x4A, 0x47, 0x2F, 0x7C, 0x71, 0x71, 0x7C, 0xED, 0x46, 
0x50, 0x50, 0x46, 0x45, 0x51, 0x4F, 0x01, 0x02, 0x54, 0x6C, 
0x3E, 0x19, 0x05, 0x08, 0x12, 0x17, 0x1A, 0x16, 0x2D, 0x27, 
0x28, 0x0F, 0x13, 0x12, 0x2C, 0x06, 0x0D, 0x16, 0x16, 0x2D, 
0x25, 0x29, 0x14, 0x41, 0x5F, 0x7E, 0x52, 0x87, 0x93, 0x93, 
0x01, 0x52, 0x6D, 0x5F, 0x5E, 0x6E, 0x6D, 0x5C, 0x62, 0x6D, 
0x00, 0x02, 0x00, 0x3C, 0x00, 0x00, 0x01, 0xDD, 0x02, 0xC2, 
0x00, 0x12, 0x00, 0x26, 0x00, 0x00, 0x13, 0x32, 0x16, 0x16, 
0x33, 0x32, 0x37, 0x33, 0x06, 0x23, 0x22, 0x26, 0x26, 0x23, 
0x22, 0x07, 0x23, 0x36, 0x36, 0x07, 0x33, 0x15, 0x36, 0x36, 
0x33, 0x32, 0x16, 0x15, 0x11, 0x23, 0x11, 0x34, 0x26, 0x23, 
0x22, 0x06, 0x15, 0x11, 0x23, 0xCF, 0x19, 0x2D, 0x2B, 0x14, 
0x19, 0x0C, 0x3A, 0x0F, 0x4A, 0x12, 0x34, 0x31, 0x0F, 0x17, 
0x0A, 0x3A, 0x08, 0x2D, 0x72, 0x4D, 0x23, 0x51, 0x3A, 0x4C, 
0x5A, 0x53, 0x3A, 0x32, 0x40, 0x4E, 0x54, 0x02, 0xC2, 0x12, 
0x13, 0x25, 0x68, 0x13, 0x13, 0x25, 0x32, 0x35, 0xB6, 0x58, 
0x37, 0x30, 0x4E, 0x41, 0xFE, 0x74, 0x01, 0x6B, 0x2F, 0x38, 
0x61, 0x50, 0xFE, 0xDF, 0x00, 0x03, 0x00, 0x1E, 0xFF, 0xE9, 
0x01, 0xF8, 0x02, 0xE4, 0x00, 0x03, 0x00, 0x0F, 0x00, 0x1B, 
0x00, 0x00, 0x13, 0x17, 0x23, 0x27, 0x17, 0x32, 0x16, 0x15, 
0x14, 0x06, 0x23, 0x22, 0x26, 0x35, 0x34, 0x36, 0x17, 0x22, 
0x06, 0x15, 0x14, 0x16, 0x33, 0x32, 0x36, 0x35, 0x34, 0x26, 
0xF7, 0x60, 0x3C, 0x95, 0x84, 0x71, 0x7D, 0x7F, 0x6E, 0x70, 
0x7D, 0x7E, 0x6F, 0x46, 0x50, 0x50, 0x46, 0x45, 0x51, 0x4F, 
0x02, 0xE4, 0x94, 0x94, 0xC9, 0x95, 0x88, 0x81, 0x94, 0x95, 
0x84, 0x84, 0x95, 0x4D, 0x6D, 0x5F, 0x5F, 0x6D, 0x6D, 0x5C, 
0x62, 0x6D, 0x00, 0x03, 0x00, 0x1E, 0xFF, 0xE9, 0x01, 0xF8, 
0x02, 0xE4, 0x00, 0x03, 0x00, 0x0F, 0x00, 0x1B, 0x00, 0x00, 
0x01, 0x33, 0x07, 0x23, 0x17, 0x32, 0x16, 0x15, 0x14, 0x06, 
0x23, 0x22, 0x26, 0x35, 0x34, 0x36, 0x17, 0x22, 0x06, 0x15, 
0x14, 0x16, 0x33, 0x32, 0x36, 0x35, 0x34, 0x26, 0x01, 0x1E, 
0x71, 0x95, 0x3C, 0x4C, 0x71, 0x7D, 0x7F, 0x6E, 0x70, 0x7D, 
0x7E, 0x6F, 0x46, 0x50, 0x50, 0x46, 0x45, 0x51, 0x4F, 0x02, 
0xE4, 0x94, 0x35, 0x95, 0x88, 0x81, 0x94, 0x95, 0x84, 0x84, 
0x95, 0x4D, 0x6D, 0x5F, 0x5F, 0x6D, 0x6D, 0x5C, 0x62, 0x6D, 
0x00, 0x03, 0x00, 0x1E, 0xFF, 0xE9, 0x01, 0xF8, 0x02, 0xDA, 
0x00, 0x06, 0x00, 0x12, 0x00, 0x1E, 0x00, 0x00, 0x13, 0x33, 
0x17, 0x23, 0x27, 0x07, 0x23, 0x17, 0x32, 0x16, 0x15, 0x14, 
0x06, 0x23, 0x22, 0x26, 0x35, 0x34, 0x36, 0x17, 0x22, 0x06, 
0x15, 0x14, 0x16, 0x33, 0x32, 0x36, 0x35, 0x34, 0x26, 0xD8, 
0x5F, 0x60, 0x3F, 0x51, 0x4F, 0x40, 0x92, 0x71, 0x7D, 0x7F, 
0x6E, 0x70, 0x7D, 0x7E, 0x6F, 0x46, 0x50, 0x50, 0x46, 0x45, 
0x51, 0x4F, 0x02, 0xDA, 0x96, 0x60, 0x60, 0x29, 0x95, 0x88, 
0x81, 0x94, 0x95, 0x84, 0x84, 0x95, 0x4D, 0x6D, 0x5F, 0x5F, 
0x6D, 0x6D, 0x5C, 0x62, 0x6D, 0x00, 0x00, 0x03, 0x00, 0x1E, 
0xFF, 0xE9, 0x01, 0xF8, 0x02, 0xC4, 0x00, 0x12, 0x00, 0x1E, 
0x00, 0x2A, 0x00, 0x00, 0x13, 0x32, 0x16, 0x16, 0x33, 0x32, 
0x37, 0x33, 0x06, 0x23, 0x22, 0x26, 0x26, 0x23, 0x22, 0x07, 
0x23, 0x36, 0x36, 0x17, 0x32, 0x16, 0x15, 0x14, 0x06, 0x23, 
0x22, 0x26, 0x35, 0x34, 0x36, 0x17, 0x22, 0x06, 0x15, 0x14, 
0x16, 0x33, 0x32, 0x36, 0x35, 0x34, 0x26, 0xC9, 0x19, 0x2D, 
0x2B, 0x14, 0x19, 0x0C, 0x3A, 0x0F, 0x4A, 0x12, 0x34, 0x31, 
0x0F, 0x17, 0x0A, 0x3A, 0x08, 0x2D, 0x62, 0x71, 0x7D, 0x7F, 
0x6E, 0x70, 0x7D, 0x7E, 0x6F, 0x46, 0x50, 0x50, 0x46, 0x45, 
0x51, 0x4F, 0x02, 0xC4, 0x12, 0x13, 0x25, 0x68, 0x13, 0x13, 
0x25, 0x32, 0x35, 0xA9, 0x95, 0x88, 0x81, 0x94, 0x95, 0x84, 
0x84, 0x95, 0x4D, 0x6D, 0x5F, 0x5F, 0x6D, 0x6D, 0x5C, 0x62, 
0x6D, 0x00, 0x00, 0x04, 0x00, 0x1E, 0xFF, 0xE9, 0x01, 0xF8, 
0x02, 0xD9, 0x00, 0x03, 0x00, 0x07, 0x00, 0x13, 0x00, 0x1F, 
0x00, 0x00, 0x01, 0x15, 0x23, 0x35, 0x23, 0x15, 0x23, 0x35, 
0x17, 0x32, 0x16, 0x15, 0x14, 0x06, 0x23, 0x22, 0x26, 0x35, 
0x34, 0x36, 0x17, 0x22, 0x06, 0x15, 0x14, 0x16, 0x33, 0x32, 
0x36, 0x35, 0x34, 0x26, 0x01, 0x97, 0x68, 0x4B, 0x68, 0x8E, 
0x71, 0x7D, 0x7F, 0x6E, 0x70, 0x7D, 0x7E, 0x6F, 0x46, 0x50, 
0x50, 0x46, 0x45, 0x51, 0x4F, 0x02, 0xD9, 0x68, 0x68, 0x68, 
0x68, 0xBE, 0x95, 0x88, 0x81, 0x94, 0x95, 0x84, 0x84, 0x95, 
0x4D, 0x6D, 0x5F, 0x5F, 0x6D, 0x6D, 0x5C, 0x62, 0x6D, 0x00, 
0x00, 0x03, 0x00, 0x32, 0x00, 0x00, 0x02, 0x16, 0x01, 0xD8, 
0x00, 0x03, 0x00, 0x07, 0x00, 0x0B, 0x00, 0x00, 0x01, 0x15, 
0x21, 0x35, 0x05, 0x15, 0x23, 0x35, 0x13, 0x15, 0x23, 0x35, 
0x02, 0x16, 0xFE, 0x1C, 0x01, 0x26, 0x68, 0x68, 0x68, 0x01, 
0x0F, 0x46, 0x46, 0xA7, 0x68, 0x68, 0x01, 0x70, 0x68, 0x68, 
0x00, 0x03, 0x00, 0x0A, 0xFF, 0xE2, 0x02, 0x09, 0x02, 0x1B, 
0x00, 0x14, 0x00, 0x1C, 0x00, 0x24, 0x00, 0x00, 0x01, 0x07, 
0x16, 0x16, 0x15, 0x14, 0x06, 0x23, 0x22, 0x27, 0x07, 0x27, 
0x37, 0x26, 0x35, 0x34, 0x36, 0x33, 0x32, 0x17, 0x37, 0x07, 
0x03, 0x16, 0x33, 0x32, 0x36, 0x35, 0x34, 0x05, 0x13, 0x26, 
0x23, 0x22, 0x06, 0x15, 0x14, 0x02, 0x09, 0x3F, 0x17, 0x15, 
0x7D, 0x6F, 0x67, 0x3C, 0x3D, 0x20, 0x42, 0x30, 0x7E, 0x6F, 
0x65, 0x41, 0x3A, 0x5C, 0xEE, 0x2C, 0x3E, 0x46, 0x50, 0xFE, 
0xE9, 0xEF, 0x29, 0x45, 0x46, 0x50, 0x01, 0xFF, 0x47, 0x25, 
0x58, 0x39, 0x84, 0x95, 0x3E, 0x45, 0x1C, 0x4A, 0x47, 0x73, 
0x84, 0x95, 0x41, 0x41, 0xA8, 0xFE, 0xF3, 0x30, 0x6E, 0x5E, 
0x43, 0xB8, 0x01, 0x0D, 0x34, 0x6D, 0x5F, 0x43, 0x00, 0x02, 
0x00, 0x3C, 0xFF, 0xE9, 0x01, 0xDD, 0x02, 0xE4, 0x00, 0x03, 
0x00, 0x17, 0x00, 0x00, 0x13, 0x17, 0x23, 0x27, 0x01, 0x23, 
0x35, 0x06, 0x06, 0x23, 0x22, 0x26, 0x35, 0x11, 0x33, 0x11, 
0x14, 0x16, 0x33, 0x32, 0x36, 0x35, 0x11, 0x33, 0xEC, 0x60, 
0x3C, 0x95, 0x01, 0x62, 0x4B, 0x25, 0x50, 0x3A, 0x4C, 0x5B, 
0x53, 0x3B, 0x31, 0x41, 0x4E, 0x53, 0x02, 0xE4, 0x94, 0x94, 
0xFD, 0x1C, 0x49, 0x34, 0x2C, 0x4E, 0x41, 0x01, 0x94, 0xFE, 
0x8D, 0x2F, 0x38, 0x61, 0x50, 0x01, 0x29, 0x00, 0x00, 0x02, 
0x00, 0x3C, 0xFF, 0xE9, 0x01, 0xDD, 0x02, 0xE4, 0x00, 0x03, 
0x00, 0x17, 0x00, 0x00, 0x01, 0x33, 0x07, 0x23, 0x01, 0x23, 
0x35, 0x06, 0x06, 0x23, 0x22, 0x26, 0x35, 0x11, 0x33, 0x11, 
0x14, 0x16, 0x33, 0x32, 0x36, 0x35, 0x11, 0x33, 0x01, 0x2F, 
0x71, 0x95, 0x3C, 0x01, 0x0E, 0x4B, 0x25, 0x50, 0x3A, 0x4C, 
0x5B, 0x53, 0x3B, 0x31, 0x41, 0x4E, 0x53, 0x02, 0xE4, 0x94, 
0xFD, 0xB0, 0x49, 0x34, 0x2C, 0x4E, 0x41, 0x01, 0x94, 0xFE, 
0x8D, 0x2F, 0x38, 0x61, 0x50, 0x01, 0x29, 0x00, 0x00, 0x02, 
0x00, 0x3C, 0xFF, 0xE9, 0x01, 0xDD, 0x02, 0xD9, 0x00, 0x06, 
0x00, 0x1A, 0x00, 0x00, 0x13, 0x33, 0x17, 0x23, 0x27, 0x07, 
0x23, 0x01, 0x23, 0x35, 0x06, 0x06, 0x23, 0x22, 0x26, 0x35, 
0x11, 0x33, 0x11, 0x14, 0x16, 0x33, 0x32, 0x36, 0x35, 0x11, 
0x33, 0xDD, 0x5F, 0x60, 0x3F, 0x51, 0x4F, 0x40, 0x01, 0x60, 
0x4B, 0x25, 0x50, 0x3A, 0x4C, 0x5B, 0x53, 0x3B, 0x31, 0x41, 
0x4E, 0x53, 0x02, 0xD9, 0x96, 0x60, 0x60, 0xFD, 0xBD, 0x49, 
0x34, 0x2C, 0x4E, 0x41, 0x01, 0x94, 0xFE, 0x8D, 0x2F, 0x38, 
0x61, 0x50, 0x01, 0x29, 0x00, 0x03, 0x00, 0x3C, 0xFF, 0xE9, 
0x01, 0xDD, 0x02, 0xD9, 0x00, 0x03, 0x00, 0x07, 0x00, 0x1B, 
0x00, 0x00, 0x01, 0x15, 0x23, 0x35, 0x23, 0x15, 0x23, 0x35, 
0x01, 0x23, 0x35, 0x06, 0x06, 0x23, 0x22, 0x26, 0x35, 0x11, 
0x33, 0x11, 0x14, 0x16, 0x33, 0x32, 0x36, 0x35, 0x11, 0x33, 
0x01, 0x9C, 0x68, 0x4B, 0x68, 0x01, 0x5C, 0x4B, 0x25, 0x50, 
0x3A, 0x4C, 0x5B, 0x53, 0x3B, 0x31, 0x41, 0x4E, 0x53, 0x02, 
0xD9, 0x68, 0x68, 0x68, 0x68, 0xFD, 0x27, 0x49, 0x34, 0x2C, 
0x4E, 0x41, 0x01, 0x94, 0xFE, 0x8D, 0x2F, 0x38, 0x61, 0x50, 
0x01, 0x29, 0x00, 0x02, 0x00, 0x0A, 0xFF, 0x26, 0x01, 0xD4, 
0x02, 0xE4, 0x00, 0x03, 0x00, 0x15, 0x00, 0x00, 0x01, 0x33, 
0x07, 0x23, 0x17, 0x33, 0x03, 0x06, 0x06, 0x23, 0x22, 0x27, 
0x35, 0x16, 0x33, 0x32, 0x36, 0x37, 0x37, 0x03, 0x33, 0x13, 
0x01, 0x15, 0x71, 0x95, 0x3C, 0xC5, 0x5A, 0xE9, 0x16, 0x46, 
0x2B, 0x1F, 0x19, 0x1B, 0x11, 0x1A, 0x1F, 0x0A, 0x20, 0xB1, 
0x59, 0x86, 0x02, 0xE4, 0x94, 0x44, 0xFD, 0x86, 0x3A, 0x32, 
0x0D, 0x4B, 0x06, 0x17, 0x1C, 0x53, 0x02, 0x0E, 0xFE, 0x68, 
0x00, 0x02, 0x00, 0x3C, 0xFF, 0x26, 0x02, 0x10, 0x02, 0xCA, 
0x00, 0x12, 0x00, 0x1E, 0x00, 0x00, 0x17, 0x11, 0x33, 0x15, 
0x36, 0x36, 0x33, 0x32, 0x16, 0x16, 0x15, 0x14, 0x06, 0x06, 
0x23, 0x22, 0x26, 0x27, 0x11, 0x13, 0x22, 0x06, 0x15, 0x14, 
0x16, 0x33, 0x32, 0x36, 0x35, 0x34, 0x26, 0x3C, 0x53, 0x1B, 
0x54, 0x32, 0x44, 0x65, 0x37, 0x38, 0x64, 0x44, 0x33, 0x4D, 
0x21, 0x92, 0x42, 0x50, 0x50, 0x42, 0x44, 0x54, 0x53, 0xDA, 
0x03, 0xA4, 0xFF, 0x26, 0x2A, 0x46, 0x81, 0x57, 0x53, 0x7D, 
0x44, 0x26, 0x28, 0xFE, 0xEF, 0x02, 0xA7, 0x6F, 0x5C, 0x5C, 
0x6F, 0x6F, 0x59, 0x5E, 0x70, 0x00, 0x00, 0x03, 0x00, 0x0A, 
0xFF, 0x26, 0x01, 0xD4, 0x02, 0xD9, 0x00, 0x03, 0x00, 0x07, 
0x00, 0x19, 0x00, 0x00, 0x01, 0x15, 0x23, 0x35, 0x23, 0x15, 
0x23, 0x35, 0x05, 0x33, 0x03, 0x06, 0x06, 0x23, 0x22, 0x27, 
0x35, 0x16, 0x33, 0x32, 0x36, 0x37, 0x37, 0x03, 0x33, 0x13, 
0x01, 0x8A, 0x68, 0x4B, 0x68, 0x01, 0x0B, 0x5A, 0xE9, 0x16, 
0x46, 0x2B, 0x1F, 0x19, 0x1B, 0x11, 0x1A, 0x1F, 0x0A, 0x20, 
0xB1, 0x59, 0x86, 0x02, 0xD9, 0x68, 0x68, 0x68, 0x68, 0xCD, 
0xFD, 0x86, 0x3A, 0x32, 0x0D, 0x4B, 0x06, 0x17, 0x1C, 0x53, 
0x02, 0x0E, 0xFE, 0x68, 0x00, 0x02, 0x00, 0x64, 0xFF, 0xE9, 
0x02, 0xA2, 0x02, 0xD9, 0x00, 0x12, 0x00, 0x16, 0x00, 0x00, 
0x25, 0x32, 0x36, 0x36, 0x35, 0x11, 0x33, 0x11, 0x14, 0x06, 
0x23, 0x22, 0x26, 0x35, 0x35, 0x33, 0x15, 0x14, 0x16, 0x03, 
0x11, 0x23, 0x11, 0x01, 0xD5, 0x2E, 0x30, 0x12, 0x5D, 0x6F, 
0x5F, 0x5E, 0x6D, 0x5F, 0x39, 0xDF, 0x5E, 0x37, 0x2A, 0x49, 
0x2E, 0x02, 0x01, 0xFD, 0xDD, 0x5E, 0x6F, 0x69, 0x58, 0x40, 
0x2F, 0x40, 0x44, 0x02, 0xA2, 0xFD, 0x27, 0x02, 0xD9, 0x00, 
0x00, 0x04, 0x00, 0x42, 0xFF, 0x26, 0x01, 0x4D, 0x02, 0xD9, 
0x00, 0x0E, 0x00, 0x12, 0x00, 0x16, 0x00, 0x1A, 0x00, 0x00, 
0x13, 0x33, 0x11, 0x14, 0x23, 0x22, 0x26, 0x27, 0x35, 0x16, 
0x16, 0x33, 0x32, 0x36, 0x35, 0x13, 0x15, 0x23, 0x35, 0x07, 
0x11, 0x23, 0x11, 0x37, 0x15, 0x23, 0x35, 0xFA, 0x53, 0x8F, 
0x0A, 0x0A, 0x08, 0x05, 0x0D, 0x05, 0x25, 0x1C, 0x53, 0x53, 
0x64, 0x53, 0x53, 0x54, 0x02, 0x0C, 0xFD, 0x87, 0x6D, 0x02, 
0x01, 0x47, 0x01, 0x01, 0x1F, 0x27, 0x03, 0x25, 0x69, 0x69, 
0xCD, 0xFD, 0xF4, 0x02, 0x0C, 0xCD, 0x69, 0x69, 0x00, 0x02, 
0x00, 0x50, 0x00, 0x00, 0x02, 0x15, 0x02, 0xD9, 0x00, 0x03, 
0x00, 0x09, 0x00, 0x00, 0x01, 0x15, 0x23, 0x35, 0x03, 0x11, 
0x21, 0x15, 0x21, 0x11, 0x02, 0x0F, 0x68, 0xFA, 0x01, 0x68, 
0xFE, 0x3B, 0x01, 0x4B, 0x68, 0x68, 0x01, 0x8E, 0xFD, 0x79, 
0x52, 0x02, 0xD9, 0x00, 0x00, 0x02, 0x00, 0x3C, 0x00, 0x00, 
0x01, 0x4F, 0x02, 0xD9, 0x00, 0x03, 0x00, 0x07, 0x00, 0x00, 
0x01, 0x15, 0x23, 0x35, 0x03, 0x11, 0x23, 0x11, 0x01, 0x4F, 
0x68, 0x57, 0x54, 0x01, 0x4B, 0x68, 0x68, 0x01, 0x8E, 0xFD, 
0x27, 0x02, 0xD9, 0x00, 0x00, 0x02, 0x00, 0x28, 0xFF, 0xEC, 
0x03, 0xBC, 0x02, 0xE5, 0x00, 0x1D, 0x00, 0x2C, 0x00, 0x00, 
0x13, 0x34, 0x3E, 0x03, 0x33, 0x32, 0x17, 0x35, 0x21, 0x15, 
0x21, 0x15, 0x21, 0x15, 0x21, 0x15, 0x21, 0x15, 0x21, 0x35, 
0x06, 0x06, 0x23, 0x22, 0x2E, 0x03, 0x37, 0x14, 0x1E, 0x02, 
0x33, 0x32, 0x37, 0x11, 0x26, 0x23, 0x22, 0x0E, 0x02, 0x28, 
0x26, 0x40, 0x4F, 0x52, 0x24, 0x79, 0x3E, 0x01, 0xAD, 0xFE, 
0xB0, 0x01, 0x48, 0xFE, 0xB8, 0x01, 0x55, 0xFE, 0x4E, 0x22, 
0x59, 0x3D, 0x25, 0x52, 0x4E, 0x3F, 0x26, 0x5D, 0x27, 0x3D, 
0x48, 0x21, 0x7D, 0x3B, 0x3B, 0x7C, 0x23, 0x48, 0x3D, 0x26, 
0x01, 0x64, 0x5C, 0x85, 0x58, 0x33, 0x15, 0x58, 0x4C, 0x52, 
0xEE, 0x52, 0xF5, 0x52, 0x4A, 0x31, 0x2D, 0x15, 0x32, 0x55, 
0x82, 0x5E, 0x5F, 0x76, 0x3E, 0x17, 0x78, 0x01, 0x65, 0x78, 
0x18, 0x40, 0x75, 0x00, 0x00, 0x03, 0x00, 0x1E, 0xFF, 0xE9, 
0x03, 0x79, 0x02, 0x1B, 0x00, 0x21, 0x00, 0x2D, 0x00, 0x34, 
0x00, 0x00, 0x25, 0x1E, 0x03, 0x33, 0x32, 0x37, 0x33, 0x06, 
0x06, 0x23, 0x22, 0x26, 0x27, 0x06, 0x23, 0x22, 0x26, 0x35, 
0x34, 0x36, 0x33, 0x32, 0x17, 0x36, 0x36, 0x33, 0x32, 0x16, 
0x17, 0x16, 0x16, 0x15, 0x25, 0x22, 0x06, 0x15, 0x14, 0x16, 
0x33, 0x32, 0x36, 0x35, 0x34, 0x26, 0x17, 0x21, 0x34, 0x26, 
0x23, 0x22, 0x06, 0x01, 0xF7, 0x01, 0x1F, 0x2E, 0x35, 0x17, 
0x66, 0x23, 0x54, 0x10, 0x76, 0x59, 0x40, 0x64, 0x1E, 0x3F, 
0x83, 0x71, 0x7C, 0x7C, 0x71, 0x87, 0x3D, 0x1F, 0x65, 0x3D, 
0x4A, 0x71, 0x19, 0x0B, 0x0A, 0xFD, 0x92, 0x46, 0x50, 0x50, 
0x46, 0x45, 0x51, 0x4F, 0xA7, 0x01, 0x26, 0x50, 0x40, 0x3F, 
0x52, 0xEA, 0x37, 0x46, 0x27, 0x10, 0x69, 0x55, 0x61, 0x36, 
0x31, 0x67, 0x93, 0x87, 0x86, 0x92, 0x6A, 0x32, 0x38, 0x49, 
0x41, 0x1D, 0x4E, 0x3C, 0xE4, 0x6C, 0x5F, 0x60, 0x6D, 0x6C, 
0x5E, 0x61, 0x6D, 0xA0, 0x47, 0x59, 0x57, 0x00, 0x00, 0x02, 
0x00, 0x30, 0xFF, 0xE9, 0x02, 0x6D, 0x03, 0x84, 0x00, 0x06, 
0x00, 0x36, 0x00, 0x00, 0x01, 0x23, 0x27, 0x33, 0x17, 0x37, 
0x33, 0x03, 0x32, 0x3E, 0x02, 0x35, 0x34, 0x26, 0x27, 0x27, 
0x26, 0x35, 0x34, 0x36, 0x33, 0x32, 0x16, 0x17, 0x23, 0x26, 
0x26, 0x23, 0x22, 0x06, 0x15, 0x14, 0x16, 0x17, 0x17, 0x16, 
0x16, 0x15, 0x14, 0x0E, 0x02, 0x23, 0x22, 0x2E, 0x02, 0x27, 
0x33, 0x15, 0x14, 0x1E, 0x02, 0x01, 0x7B, 0x5F, 0x60, 0x3F, 
0x51, 0x4F, 0x40, 0x85, 0x3B, 0x4A, 0x27, 0x0E, 0x41, 0x45, 
0xB5, 0x8F, 0x8B, 0x78, 0x7E, 0x8C, 0x01, 0x58, 0x01, 0x5E, 
0x57, 0x49, 0x5A, 0x36, 0x42, 0xB7, 0x4A, 0x51, 0x1A, 0x3E, 
0x6F, 0x56, 0x2F, 0x64, 0x56, 0x36, 0x01, 0x58, 0x12, 0x2E, 
0x50, 0x03, 0x07, 0x7D, 0x3D, 0x3D, 0xFC, 0xB7, 0x1A, 0x29, 
0x2E, 0x13, 0x2B, 0x39, 0x12, 0x30, 0x25, 0x85, 0x63, 0x73, 
0x77, 0x6B, 0x47, 0x4D, 0x43, 0x38, 0x2A, 0x30, 0x12, 0x31, 
0x14, 0x5F, 0x44, 0x21, 0x4D, 0x45, 0x2C, 0x16, 0x38, 0x63, 
0x4E, 0x05, 0x1C, 0x3B, 0x32, 0x1F, 0x00, 0x02, 0x00, 0x22, 
0xFF, 0xE9, 0x01, 0xCB, 0x02, 0xDD, 0x00, 0x06, 0x00, 0x2D, 
0x00, 0x00, 0x01, 0x23, 0x27, 0x33, 0x17, 0x37, 0x33, 0x01, 
0x1E, 0x02, 0x33, 0x32, 0x36, 0x35, 0x34, 0x26, 0x27, 0x27, 
0x26, 0x26, 0x35, 0x34, 0x36, 0x33, 0x32, 0x16, 0x17, 0x23, 
0x26, 0x23, 0x22, 0x06, 0x15, 0x14, 0x16, 0x17, 0x17, 0x16, 
0x16, 0x15, 0x14, 0x06, 0x23, 0x22, 0x27, 0x01, 0x26, 0x5F, 
0x60, 0x3F, 0x51, 0x4F, 0x40, 0xFE, 0xF4, 0x04, 0x14, 0x35, 
0x33, 0x37, 0x43, 0x25, 0x2C, 0x4E, 0x5D, 0x49, 0x6E, 0x5B, 
0x5B, 0x62, 0x01, 0x58, 0x03, 0x66, 0x33, 0x3C, 0x2E, 0x33, 
0x50, 0x4E, 0x46, 0x75, 0x63, 0xCB, 0x06, 0x02, 0x47, 0x96, 
0x60, 0x60, 0xFD, 0xBF, 0x19, 0x2F, 0x1E, 0x2D, 0x25, 0x1D, 
0x22, 0x0A, 0x13, 0x17, 0x43, 0x3D, 0x49, 0x57, 0x54, 0x4D, 
0x54, 0x2B, 0x24, 0x1C, 0x23, 0x0C, 0x13, 0x13, 0x44, 0x3B, 
0x4C, 0x5A, 0xB3, 0x00, 0x00, 0x03, 0x00, 0x0F, 0x00, 0x00, 
0x02, 0x97, 0x03, 0x71, 0x00, 0x03, 0x00, 0x07, 0x00, 0x10, 
0x00, 0x00, 0x01, 0x15, 0x23, 0x35, 0x23, 0x15, 0x23, 0x35, 
0x13, 0x11, 0x23, 0x11, 0x01, 0x33, 0x13, 0x13, 0x33, 0x01, 
0xE2, 0x68, 0x4B, 0x68, 0xBE, 0x5D, 0xFE, 0xE7, 0x73, 0xD6, 
0xD0, 0x6F, 0x03, 0x71, 0x68, 0x68, 0x68, 0x68, 0xFD, 0xAD, 
0xFE, 0xE2, 0x01, 0x1E, 0x01, 0xBB, 0xFE, 0x9D, 0x01, 0x63, 
0x00, 0x02, 0x00, 0x1E, 0x00, 0x00, 0x02, 0x49, 0x03, 0x84, 
0x00, 0x06, 0x00, 0x10, 0x00, 0x00, 0x01, 0x23, 0x27, 0x33, 
0x17, 0x37, 0x33, 0x17, 0x15, 0x01, 0x21, 0x15, 0x21, 0x35, 
0x01, 0x21, 0x35, 0x01, 0x6F, 0x5F, 0x60, 0x3F, 0x51, 0x4F, 
0x40, 0x78, 0xFE, 0x4C, 0x01, 0xB6, 0xFD, 0xD5, 0x01, 0xB6, 
0xFE, 0x66, 0x03, 0x07, 0x7D, 0x3D, 0x3D, 0xAB, 0x54, 0xFD, 
0xCD, 0x52, 0x52, 0x02, 0x35, 0x52, 0x00, 0x02, 0x00, 0x1E, 
0x00, 0x00, 0x01, 0xC8, 0x02, 0xDD, 0x00, 0x06, 0x00, 0x10, 
0x00, 0x00, 0x01, 0x23, 0x27, 0x33, 0x17, 0x37, 0x33, 0x17, 
0x15, 0x01, 0x21, 0x15, 0x21, 0x35, 0x01, 0x21, 0x35, 0x01, 
0x2A, 0x5F, 0x60, 0x3F, 0x51, 0x4F, 0x40, 0x30, 0xFE, 0xC9, 
0x01, 0x45, 0xFE, 0x56, 0x01, 0x39, 0xFE, 0xDC, 0x02, 0x47, 
0x96, 0x60, 0x60, 0xD1, 0x4A, 0xFE, 0x87, 0x49, 0x4B, 0x01, 
0x78, 0x49, 0x00, 0x01, 0x00, 0x00, 0xFF, 0x26, 0x01, 0x02, 
0x02, 0xDC, 0x00, 0x21, 0x00, 0x00, 0x01, 0x15, 0x23, 0x11, 
0x14, 0x23, 0x22, 0x26, 0x27, 0x35, 0x16, 0x32, 0x33, 0x32, 
0x36, 0x35, 0x11, 0x23, 0x35, 0x33, 0x35, 0x34, 0x36, 0x33, 
0x32, 0x16, 0x17, 0x15, 0x26, 0x22, 0x23, 0x22, 0x15, 0x15, 
0x01, 0x02, 0x57, 0x8F, 0x0A, 0x0A, 0x08, 0x0D, 0x05, 0x02, 
0x26, 0x1E, 0x46, 0x46, 0x41, 0x3A, 0x0D, 0x14, 0x0E, 0x0E, 
0x0A, 0x05, 0x3A, 0x02, 0x0C, 0x44, 0xFD, 0xCB, 0x6D, 0x02, 
0x01, 0x47, 0x01, 0x1E, 0x27, 0x02, 0x14, 0x44, 0x59, 0x38, 
0x3F, 0x02, 0x03, 0x45, 0x01, 0x35, 0x52, 0x00, 0x00, 0x01, 
0x00, 0x14, 0x02, 0x4F, 0x01, 0x33, 0x02, 0xE5, 0x00, 0x06, 
0x00, 0x00, 0x13, 0x33, 0x17, 0x23, 0x27, 0x07, 0x23, 0x74, 
0x5F, 0x60, 0x3F, 0x51, 0x4F, 0x40, 0x02, 0xE5, 0x96, 0x60, 
0x60, 0x00, 0x00, 0x01, 0x00, 0x05, 0x02, 0x65, 0x01, 0x3F, 
0x02, 0xCD, 0x00, 0x12, 0x00, 0x00, 0x13, 0x32, 0x16, 0x16, 
0x33, 0x32, 0x37, 0x33, 0x06, 0x23, 0x22, 0x26, 0x26, 0x23, 
0x22, 0x07, 0x23, 0x36, 0x36, 0x5B, 0x19, 0x2D, 0x2B, 0x14, 
0x19, 0x0C, 0x3A, 0x0F, 0x4A, 0x12, 0x34, 0x31, 0x0F, 0x17, 
0x0A, 0x3A, 0x08, 0x2D, 0x02, 0xCD, 0x12, 0x13, 0x25, 0x68, 
0x13, 0x13, 0x25, 0x32, 0x35, 0x00, 0x00, 0x01, 0x00, 0x28, 
0x00, 0xF0, 0x01, 0xCC, 0x01, 0x38, 0x00, 0x03, 0x00, 0x00, 
0x01, 0x15, 0x21, 0x35, 0x01, 0xCC, 0xFE, 0x5C, 0x01, 0x38, 
0x48, 0x48, 0x00, 0x01, 0x00, 0x28, 0x00, 0xF0, 0x03, 0xC0, 
0x01, 0x38, 0x00, 0x03, 0x00, 0x00, 0x01, 0x15, 0x21, 0x35, 
0x03, 0xC0, 0xFC, 0x68, 0x01, 0x38, 0x48, 0x48, 0x00, 0x01, 
0x00, 0x61, 0x01, 0xF2, 0x00, 0xBE, 0x02, 0xDA, 0x00, 0x0B, 
0x00, 0x00, 0x13, 0x23, 0x35, 0x34, 0x36, 0x37, 0x15, 0x0E, 
0x02, 0x15, 0x33, 0xBE, 0x5D, 0x30, 0x2D, 0x16, 0x14, 0x05, 
0x2F, 0x01, 0xF2, 0x65, 0x3C, 0x43, 0x04, 0x26, 0x04, 0x1F, 
0x27, 0x10, 0x00, 0x01, 0x00, 0x50, 0x01, 0xF1, 0x00, 0xAD, 
0x02, 0xD9, 0x00, 0x0B, 0x00, 0x00, 0x13, 0x33, 0x15, 0x14, 
0x06, 0x07, 0x35, 0x3E, 0x02, 0x35, 0x23, 0x50, 0x5D, 0x30, 
0x2D, 0x16, 0x14, 0x05, 0x2F, 0x02, 0xD9, 0x65, 0x3C, 0x43, 
0x04, 0x26, 0x04, 0x1D, 0x28, 0x11, 0x00, 0x01, 0x00, 0x50, 
0xFF, 0x80, 0x00, 0xAD, 0x00, 0x68, 0x00, 0x0B, 0x00, 0x00, 
0x37, 0x33, 0x15, 0x14, 0x06, 0x07, 0x35, 0x3E, 0x02, 0x35, 
0x23, 0x50, 0x5D, 0x30, 0x2D, 0x16, 0x14, 0x05, 0x2F, 0x68, 
0x65, 0x3C, 0x43, 0x04, 0x26, 0x04, 0x1D, 0x28, 0x11, 0x00, 
0x00, 0x02, 0x00, 0x59, 0x01, 0xF2, 0x01, 0x54, 0x02, 0xDA, 
0x00, 0x0B, 0x00, 0x17, 0x00, 0x00, 0x01, 0x23, 0x35, 0x34, 
0x36, 0x37, 0x15, 0x0E, 0x02, 0x15, 0x33, 0x07, 0x23, 0x35, 
0x34, 0x36, 0x37, 0x15, 0x0E, 0x02, 0x15, 0x33, 0x01, 0x54, 
0x5D, 0x30, 0x2D, 0x16, 0x14, 0x05, 0x2F, 0x9E, 0x5D, 0x30, 
0x2D, 0x16, 0x14, 0x05, 0x2F, 0x01, 0xF2, 0x65, 0x3C, 0x43, 
0x04, 0x26, 0x04, 0x1F, 0x27, 0x10, 0x68, 0x65, 0x3C, 0x43, 
0x04, 0x26, 0x04, 0x1F, 0x27, 0x10, 0x00, 0x02, 0x00, 0x50, 
0x01, 0xF1, 0x01, 0x4D, 0x02, 0xD9, 0x00, 0x0B, 0x00, 0x17, 
0x00, 0x00, 0x13, 0x33, 0x15, 0x14, 0x06, 0x07, 0x35, 0x3E, 
0x02, 0x35, 0x23, 0x27, 0x33, 0x15, 0x14, 0x06, 0x07, 0x35, 
0x3E, 0x02, 0x35, 0x23, 0xF0, 0x5D, 0x30, 0x2D, 0x16, 0x14, 
0x05, 0x2F, 0xA0, 0x5D, 0x30, 0x2D, 0x16, 0x14, 0x05, 0x2F, 
0x02, 0xD9, 0x65, 0x3C, 0x43, 0x04, 0x26, 0x04, 0x1D, 0x28, 
0x11, 0x68, 0x65, 0x3C, 0x43, 0x04, 0x26, 0x04, 0x1D, 0x28, 
0x11, 0x00, 0x00, 0x02, 0x00, 0x50, 0xFF, 0x80, 0x01, 0x4D, 
0x00, 0x68, 0x00, 0x0B, 0x00, 0x17, 0x00, 0x00, 0x37, 0x33, 
0x15, 0x14, 0x06, 0x07, 0x35, 0x3E, 0x02, 0x35, 0x23, 0x27, 
0x33, 0x15, 0x14, 0x06, 0x07, 0x35, 0x3E, 0x02, 0x35, 0x23, 
0xF0, 0x5D, 0x30, 0x2D, 0x16, 0x14, 0x05, 0x2F, 0xA0, 0x5D, 
0x30, 0x2D, 0x16, 0x14, 0x05, 0x2F, 0x68, 0x65, 0x3C, 0x43, 
0x04, 0x26, 0x04, 0x1D, 0x28, 0x11, 0x68, 0x65, 0x3C, 0x43, 
0x04, 0x26, 0x04, 0x1D, 0x28, 0x11, 0x00, 0x01, 0x00, 0x26, 
0xFF, 0x4F, 0x02, 0x01, 0x02, 0xC5, 0x00, 0x0B, 0x00, 0x00, 
0x01, 0x15, 0x23, 0x11, 0x23, 0x11, 0x23, 0x35, 0x33, 0x35, 
0x33, 0x15, 0x02, 0x01, 0xC2, 0x58, 0xC1, 0xC1, 0x58, 0x01, 
0xF6, 0x52, 0xFD, 0xAB, 0x02, 0x55, 0x52, 0xCF, 0xCF, 0x00, 
0x00, 0x01, 0x00, 0x26, 0xFF, 0x4F, 0x02, 0x01, 0x02, 0xC5, 
0x00, 0x13, 0x00, 0x00, 0x01, 0x15, 0x23, 0x11, 0x33, 0x15, 
0x23, 0x15, 0x23, 0x35, 0x23, 0x35, 0x33, 0x11, 0x23, 0x35, 
0x33, 0x35, 0x33, 0x15, 0x02, 0x01, 0xC2, 0xC2, 0xC2, 0x58, 
0xC1, 0xC1, 0xC1, 0xC1, 0x58, 0x01, 0xF6, 0x52, 0xFE, 0xCD, 
0x52, 0xD0, 0xD0, 0x52, 0x01, 0x33, 0x52, 0xCF, 0xCF, 0x00, 
0x00, 0x01, 0x00, 0x4B, 0x00, 0xDC, 0x01, 0x45, 0x01, 0xD6, 
0x00, 0x0F, 0x00, 0x00, 0x13, 0x32, 0x16, 0x16, 0x15, 0x14, 
0x06, 0x06, 0x23, 0x22, 0x26, 0x26, 0x35, 0x34, 0x36, 0x36, 
0xC8, 0x23, 0x39, 0x21, 0x22, 0x39, 0x22, 0x22, 0x39, 0x22, 
0x22, 0x39, 0x01, 0xD6, 0x22, 0x39, 0x24, 0x21, 0x38, 0x22, 
0x22, 0x39, 0x22, 0x23, 0x38, 0x22, 0x00, 0x03, 0x00, 0x50, 
0x00, 0x00, 0x02, 0x58, 0x00, 0x68, 0x00, 0x03, 0x00, 0x07, 
0x00, 0x0B, 0x00, 0x00, 0x25, 0x15, 0x23, 0x35, 0x21, 0x15, 
0x23, 0x35, 0x21, 0x15, 0x23, 0x35, 0x01, 0x88, 0x68, 0x01, 
0x38, 0x68, 0xFE, 0xC8, 0x68, 0x68, 0x68, 0x68, 0x68, 0x68, 
0x68, 0x68, 0x00, 0x07, 0x00, 0x09, 0xFF, 0xEA, 0x03, 0xE1, 
0x02, 0xE2, 0x00, 0x0F, 0x00, 0x1B, 0x00, 0x1F, 0x00, 0x2F, 
0x00, 0x3B, 0x00, 0x4B, 0x00, 0x57, 0x00, 0x00, 0x13, 0x32, 
0x16, 0x16, 0x15, 0x14, 0x06, 0x06, 0x23, 0x22, 0x26, 0x26, 
0x35, 0x34, 0x36, 0x36, 0x17, 0x22, 0x06, 0x15, 0x14, 0x16, 
0x33, 0x32, 0x36, 0x35, 0x34, 0x26, 0x25, 0x33, 0x01, 0x23, 
0x01, 0x32, 0x16, 0x16, 0x15, 0x14, 0x06, 0x06, 0x23, 0x22, 
0x26, 0x26, 0x35, 0x34, 0x36, 0x36, 0x17, 0x22, 0x06, 0x15, 
0x14, 0x16, 0x33, 0x32, 0x36, 0x35, 0x34, 0x26, 0x25, 0x32, 
0x16, 0x16, 0x15, 0x14, 0x06, 0x06, 0x23, 0x22, 0x26, 0x26, 
0x35, 0x34, 0x36, 0x36, 0x17, 0x22, 0x06, 0x15, 0x14, 0x16, 
0x33, 0x32, 0x36, 0x35, 0x34, 0x26, 0x9E, 0x2A, 0x44, 0x28, 
0x29, 0x43, 0x29, 0x29, 0x45, 0x28, 0x28, 0x44, 0x29, 0x25, 
0x35, 0x36, 0x25, 0x25, 0x35, 0x35, 0x01, 0x28, 0x42, 0xFE, 
0x75, 0x42, 0x01, 0x82, 0x2A, 0x44, 0x28, 0x29, 0x43, 0x29, 
0x29, 0x45, 0x28, 0x28, 0x44, 0x29, 0x25, 0x35, 0x35, 0x25, 
0x26, 0x35, 0x35, 0x01, 0x42, 0x2A, 0x44, 0x28, 0x29, 0x43, 
0x29, 0x29, 0x45, 0x28, 0x28, 0x44, 0x29, 0x25, 0x35, 0x35, 
0x25, 0x26, 0x35, 0x35, 0x02, 0xD8, 0x29, 0x44, 0x2B, 0x28, 
0x44, 0x29, 0x29, 0x45, 0x29, 0x29, 0x44, 0x29, 0x3C, 0x35, 
0x25, 0x25, 0x36, 0x35, 0x25, 0x26, 0x35, 0x46, 0xFD, 0x0A, 
0x01, 0x2B, 0x29, 0x44, 0x2B, 0x28, 0x44, 0x29, 0x29, 0x45, 
0x29, 0x29, 0x44, 0x29, 0x3C, 0x35, 0x25, 0x25, 0x36, 0x35, 
0x25, 0x26, 0x35, 0x3C, 0x29, 0x44, 0x2B, 0x28, 0x44, 0x29, 
0x29, 0x45, 0x29, 0x29, 0x44, 0x29, 0x3C, 0x35, 0x25, 0x25, 
0x36, 0x35, 0x25, 0x26, 0x35, 0x00, 0x00, 0x01, 0x00, 0x31, 
0x00, 0x6A, 0x00, 0xC9, 0x01, 0xB6, 0x00, 0x06, 0x00, 0x00, 
0x37, 0x35, 0x37, 0x15, 0x07, 0x17, 0x15, 0x31, 0x98, 0x6A, 
0x6A, 0xE3, 0x59, 0x7A, 0x53, 0x53, 0x53, 0x53, 0x00, 0x01, 
0x00, 0x31, 0x00, 0x6A, 0x00, 0xC9, 0x01, 0xB6, 0x00, 0x06, 
0x00, 0x00, 0x13, 0x15, 0x07, 0x35, 0x37, 0x27, 0x35, 0xC9, 
0x98, 0x6A, 0x6A, 0x01, 0x3D, 0x59, 0x7A, 0x53, 0x53, 0x53, 
0x53, 0x00, 0x00, 0x01, 0x00, 0x24, 0xFF, 0xE9, 0x02, 0x6B, 
0x02, 0xC5, 0x00, 0x3A, 0x00, 0x00, 0x05, 0x22, 0x2E, 0x03, 
0x27, 0x23, 0x37, 0x33, 0x26, 0x34, 0x35, 0x34, 0x36, 0x37, 
0x23, 0x37, 0x33, 0x3E, 0x04, 0x33, 0x32, 0x16, 0x17, 0x07, 
0x26, 0x26, 0x23, 0x22, 0x06, 0x06, 0x07, 0x21, 0x07, 0x21, 
0x06, 0x06, 0x15, 0x14, 0x14, 0x17, 0x21, 0x07, 0x23, 0x1E, 
0x02, 0x33, 0x32, 0x36, 0x36, 0x37, 0x15, 0x06, 0x06, 0x01, 
0xA4, 0x41, 0x62, 0x44, 0x2B, 0x17, 0x04, 0x53, 0x16, 0x37, 
0x01, 0x02, 0x01, 0x4F, 0x16, 0x3F, 0x02, 0x16, 0x2B, 0x45, 
0x65, 0x44, 0x34, 0x5C, 0x31, 0x1E, 0x37, 0x4B, 0x28, 0x2B, 
0x53, 0x40, 0x11, 0x01, 0x45, 0x17, 0xFE, 0xC9, 0x01, 0x01, 
0x01, 0x01, 0x1F, 0x18, 0xFF, 0x10, 0x42, 0x55, 0x2B, 0x19, 
0x2D, 0x39, 0x28, 0x26, 0x54, 0x17, 0x2C, 0x44, 0x4D, 0x44, 
0x14, 0x3B, 0x08, 0x11, 0x07, 0x09, 0x0B, 0x0E, 0x3B, 0x10, 
0x41, 0x4C, 0x45, 0x2D, 0x20, 0x23, 0x49, 0x29, 0x17, 0x2A, 
0x57, 0x42, 0x3B, 0x0A, 0x12, 0x08, 0x05, 0x0E, 0x0B, 0x3B, 
0x40, 0x59, 0x2E, 0x07, 0x17, 0x18, 0x59, 0x17, 0x14, 0x00, 
0x00, 0x02, 0x00, 0x14, 0x00, 0xCB, 0x03, 0xD2, 0x02, 0xD9, 
0x00, 0x0C, 0x00, 0x14, 0x00, 0x00, 0x25, 0x23, 0x03, 0x11, 
0x23, 0x11, 0x33, 0x13, 0x13, 0x33, 0x11, 0x23, 0x11, 0x25, 
0x11, 0x23, 0x11, 0x23, 0x35, 0x21, 0x15, 0x03, 0x03, 0x5A, 
0x87, 0x4A, 0x6D, 0x91, 0x8F, 0x6D, 0x4A, 0xFD, 0x82, 0x4E, 
0xA8, 0x01, 0x9C, 0xCC, 0x01, 0x9A, 0xFE, 0x66, 0x02, 0x0D, 
0xFE, 0x4B, 0x01, 0xB5, 0xFD, 0xF3, 0x01, 0x9A, 0x2C, 0xFE, 
0x39, 0x01, 0xC7, 0x46, 0x46, 0x00, 0x00, 0x03, 0x00, 0x1E, 
0xFF, 0xEC, 0x03, 0x5F, 0x02, 0xDF, 0x00, 0x1E, 0x00, 0x3B, 
0x00, 0x3F, 0x00, 0x00, 0x01, 0x15, 0x23, 0x07, 0x36, 0x33, 
0x32, 0x16, 0x15, 0x14, 0x06, 0x23, 0x22, 0x2E, 0x02, 0x27, 
0x33, 0x16, 0x33, 0x32, 0x36, 0x35, 0x34, 0x26, 0x23, 0x22, 
0x06, 0x07, 0x23, 0x37, 0x25, 0x22, 0x06, 0x06, 0x07, 0x23, 
0x36, 0x33, 0x32, 0x16, 0x15, 0x14, 0x07, 0x07, 0x06, 0x06, 
0x07, 0x33, 0x15, 0x21, 0x3E, 0x02, 0x37, 0x37, 0x36, 0x35, 
0x34, 0x26, 0x25, 0x33, 0x01, 0x23, 0x03, 0x47, 0xBE, 0x12, 
0x26, 0x2E, 0x42, 0x52, 0x58, 0x45, 0x31, 0x3A, 0x1E, 0x0C, 
0x02, 0x38, 0x15, 0x49, 0x2F, 0x35, 0x36, 0x2E, 0x1B, 0x25, 
0x14, 0x34, 0x22, 0xFE, 0x62, 0x25, 0x24, 0x0C, 0x02, 0x3E, 
0x04, 0x93, 0x41, 0x51, 0x60, 0x3F, 0x20, 0x20, 0x09, 0xE5, 
0xFE, 0xD0, 0x03, 0x17, 0x35, 0x30, 0x3A, 0x3B, 0x31, 0x01, 
0xA8, 0x3E, 0xFE, 0x32, 0x3E, 0x01, 0xB0, 0x34, 0x77, 0x1A, 
0x4F, 0x3F, 0x43, 0x55, 0x1E, 0x2A, 0x26, 0x08, 0x47, 0x34, 
0x2E, 0x2F, 0x37, 0x11, 0x17, 0xE8, 0xFA, 0x20, 0x2D, 0x16, 
0x98, 0x46, 0x38, 0x52, 0x2F, 0x20, 0x11, 0x22, 0x1D, 0x3A, 
0x31, 0x40, 0x31, 0x19, 0x1F, 0x20, 0x2F, 0x20, 0x2B, 0x2F, 
0xFD, 0x13, 0x00, 0x03, 0x00, 0x24, 0xFF, 0xEC, 0x03, 0x55, 
0x02, 0xDA, 0x00, 0x1E, 0x00, 0x45, 0x00, 0x49, 0x00, 0x00, 
0x01, 0x15, 0x23, 0x07, 0x36, 0x33, 0x32, 0x16, 0x15, 0x14, 
0x06, 0x23, 0x22, 0x2E, 0x02, 0x27, 0x33, 0x16, 0x33, 0x32, 
0x36, 0x35, 0x34, 0x26, 0x23, 0x22, 0x06, 0x07, 0x23, 0x37, 
0x25, 0x22, 0x06, 0x15, 0x23, 0x36, 0x33, 0x32, 0x16, 0x15, 
0x14, 0x07, 0x16, 0x15, 0x14, 0x06, 0x23, 0x22, 0x26, 0x35, 
0x33, 0x16, 0x16, 0x33, 0x32, 0x36, 0x35, 0x34, 0x26, 0x27, 
0x26, 0x22, 0x23, 0x35, 0x32, 0x36, 0x35, 0x34, 0x26, 0x25, 
0x33, 0x01, 0x23, 0x03, 0x3D, 0xBE, 0x12, 0x26, 0x2E, 0x42, 
0x52, 0x58, 0x45, 0x31, 0x3A, 0x1E, 0x0C, 0x02, 0x38, 0x15, 
0x49, 0x2F, 0x35, 0x36, 0x2E, 0x1B, 0x25, 0x14, 0x34, 0x22, 
0xFE, 0x6C, 0x31, 0x20, 0x3F, 0x03, 0x8D, 0x41, 0x4A, 0x39, 
0x47, 0x54, 0x47, 0x48, 0x4F, 0x3E, 0x02, 0x2C, 0x2D, 0x2A, 
0x30, 0x20, 0x1A, 0x0B, 0x1D, 0x1A, 0x41, 0x2D, 0x29, 0x01, 
0x9F, 0x3E, 0xFE, 0x32, 0x3E, 0x01, 0xAE, 0x34, 0x77, 0x1A, 
0x4F, 0x3F, 0x43, 0x55, 0x1E, 0x2A, 0x26, 0x08, 0x47, 0x34, 
0x2E, 0x2F, 0x37, 0x11, 0x17, 0xE8, 0xF7, 0x31, 0x28, 0x8E, 
0x40, 0x38, 0x3B, 0x1A, 0x18, 0x4C, 0x3D, 0x49, 0x4B, 0x43, 
0x2E, 0x2B, 0x2B, 0x26, 0x1B, 0x27, 0x04, 0x02, 0x33, 0x1A, 
0x23, 0x20, 0x24, 0x34, 0xFD, 0x13, 0x00, 0x04, 0x00, 0x1E, 
0xFF, 0xEC, 0x03, 0x5F, 0x02, 0xD9, 0x00, 0x1E, 0x00, 0x29, 
0x00, 0x2C, 0x00, 0x30, 0x00, 0x00, 0x01, 0x15, 0x23, 0x07, 
0x36, 0x33, 0x32, 0x16, 0x15, 0x14, 0x06, 0x23, 0x22, 0x2E, 
0x02, 0x27, 0x33, 0x16, 0x33, 0x32, 0x36, 0x35, 0x34, 0x26, 
0x23, 0x22, 0x06, 0x07, 0x23, 0x37, 0x05, 0x23, 0x35, 0x13, 
0x33, 0x11, 0x33, 0x15, 0x23, 0x15, 0x23, 0x35, 0x35, 0x07, 
0x01, 0x33, 0x01, 0x23, 0x03, 0x47, 0xBE, 0x12, 0x26, 0x2E, 
0x42, 0x52, 0x58, 0x45, 0x31, 0x3A, 0x1E, 0x0C, 0x02, 0x38, 
0x15, 0x49, 0x2F, 0x35, 0x36, 0x2E, 0x1B, 0x25, 0x14, 0x34, 
0x22, 0xFE, 0x7F, 0xBC, 0xCC, 0x2E, 0x43, 0x43, 0x3E, 0x81, 
0x02, 0x30, 0x3E, 0xFE, 0x32, 0x3E, 0x01, 0xAE, 0x34, 0x77, 
0x1A, 0x4F, 0x3F, 0x43, 0x55, 0x1E, 0x2A, 0x26, 0x08, 0x47, 
0x34, 0x2E, 0x2F, 0x37, 0x11, 0x17, 0xE8, 0x1B, 0x3B, 0x01, 
0x0A, 0xFE, 0xF0, 0x35, 0x64, 0x99, 0xAA, 0xAA, 0x01, 0x11, 
0xFD, 0x13, 0x00, 0x04, 0x00, 0x1C, 0xFF, 0xEC, 0x03, 0x60, 
0x02, 0xD9, 0x00, 0x19, 0x00, 0x25, 0x00, 0x44, 0x00, 0x48, 
0x00, 0x00, 0x25, 0x34, 0x3E, 0x02, 0x33, 0x32, 0x16, 0x17, 
0x23, 0x26, 0x23, 0x22, 0x06, 0x07, 0x36, 0x33, 0x32, 0x16, 
0x15, 0x14, 0x06, 0x23, 0x22, 0x26, 0x26, 0x37, 0x22, 0x06, 
0x15, 0x14, 0x16, 0x33, 0x32, 0x36, 0x35, 0x34, 0x26, 0x01, 
0x15, 0x23, 0x07, 0x36, 0x33, 0x32, 0x16, 0x15, 0x14, 0x06, 
0x23, 0x22, 0x2E, 0x02, 0x27, 0x33, 0x16, 0x33, 0x32, 0x36, 
0x35, 0x34, 0x26, 0x23, 0x22, 0x06, 0x07, 0x23, 0x37, 0x25, 
0x33, 0x01, 0x23, 0x02, 0x31, 0x20, 0x32, 0x39, 0x19, 0x35, 
0x44, 0x08, 0x38, 0x0E, 0x3F, 0x31, 0x34, 0x01, 0x26, 0x43, 
0x3E, 0x4E, 0x54, 0x41, 0x39, 0x43, 0x1E, 0x9C, 0x2A, 0x34, 
0x35, 0x27, 0x28, 0x33, 0x30, 0xFE, 0x42, 0xBE, 0x12, 0x26, 
0x2E, 0x42, 0x52, 0x58, 0x45, 0x31, 0x3A, 0x1E, 0x0C, 0x02, 
0x38, 0x15, 0x49, 0x2F, 0x35, 0x36, 0x2E, 0x1B, 0x25, 0x14, 
0x34, 0x22, 0x02, 0x3D, 0x3E, 0xFE, 0x32, 0x3E, 0xC4, 0x4A, 
0x5C, 0x30, 0x12, 0x3A, 0x35, 0x40, 0x53, 0x4E, 0x2F, 0x4C, 
0x3B, 0x3E, 0x51, 0x36, 0x5D, 0x54, 0x31, 0x28, 0x29, 0x36, 
0x34, 0x28, 0x2B, 0x31, 0x01, 0xFA, 0x34, 0x77, 0x1A, 0x4F, 
0x3F, 0x43, 0x55, 0x1E, 0x2A, 0x26, 0x08, 0x47, 0x34, 0x2E, 
0x2F, 0x37, 0x11, 0x17, 0xE8, 0x03, 0xFD, 0x13, 0x00, 0x05, 
0x00, 0x1A, 0xFF, 0xEC, 0x03, 0x61, 0x02, 0xDA, 0x00, 0x15, 
0x00, 0x21, 0x00, 0x2D, 0x00, 0x54, 0x00, 0x58, 0x00, 0x00, 
0x25, 0x16, 0x15, 0x14, 0x06, 0x23, 0x22, 0x26, 0x35, 0x34, 
0x37, 0x26, 0x26, 0x35, 0x34, 0x36, 0x33, 0x32, 0x16, 0x15, 
0x14, 0x06, 0x27, 0x22, 0x06, 0x15, 0x14, 0x16, 0x33, 0x32, 
0x36, 0x35, 0x34, 0x26, 0x07, 0x22, 0x06, 0x15, 0x14, 0x16, 
0x33, 0x32, 0x36, 0x35, 0x34, 0x26, 0x01, 0x22, 0x06, 0x15, 
0x23, 0x36, 0x33, 0x32, 0x16, 0x15, 0x14, 0x07, 0x16, 0x15, 
0x14, 0x06, 0x23, 0x22, 0x26, 0x35, 0x33, 0x16, 0x16, 0x33, 
0x32, 0x36, 0x35, 0x34, 0x26, 0x27, 0x26, 0x22, 0x23, 0x35, 
0x32, 0x36, 0x35, 0x34, 0x26, 0x25, 0x33, 0x01, 0x23, 0x03, 
0x13, 0x4E, 0x55, 0x44, 0x43, 0x56, 0x4E, 0x23, 0x1B, 0x4D, 
0x3C, 0x3D, 0x4C, 0x1B, 0x6E, 0x24, 0x2B, 0x2B, 0x24, 0x24, 
0x2B, 0x2B, 0x24, 0x2B, 0x34, 0x34, 0x2A, 0x2C, 0x34, 0x34, 
0xFD, 0xC0, 0x31, 0x20, 0x3F, 0x03, 0x8D, 0x41, 0x4A, 0x39, 
0x47, 0x54, 0x47, 0x48, 0x4F, 0x3E, 0x02, 0x2C, 0x2D, 0x2A, 
0x30, 0x20, 0x1A, 0x0B, 0x1D, 0x1A, 0x41, 0x2D, 0x29, 0x01, 
0xB3, 0x3E, 0xFE, 0x32, 0x3E, 0xE0, 0x22, 0x48, 0x3A, 0x49, 
0x4A, 0x3A, 0x47, 0x22, 0x14, 0x27, 0x1E, 0x32, 0x3F, 0x3F, 
0x32, 0x1F, 0x26, 0x87, 0x24, 0x1F, 0x1E, 0x25, 0x25, 0x1D, 
0x20, 0x24, 0xB2, 0x2E, 0x25, 0x25, 0x2F, 0x2E, 0x26, 0x25, 
0x2E, 0x01, 0xDC, 0x31, 0x28, 0x8E, 0x40, 0x38, 0x3B, 0x1A, 
0x18, 0x4C, 0x3D, 0x49, 0x4B, 0x43, 0x2E, 0x2B, 0x2B, 0x26, 
0x1B, 0x27, 0x04, 0x02, 0x33, 0x1A, 0x23, 0x20, 0x24, 0x34, 
0xFD, 0x13, 0x00, 0x05, 0x00, 0x26, 0xFF, 0xEC, 0x03, 0x57, 
0x02, 0xD9, 0x00, 0x15, 0x00, 0x21, 0x00, 0x2D, 0x00, 0x4C, 
0x00, 0x50, 0x00, 0x00, 0x25, 0x16, 0x15, 0x14, 0x06, 0x23, 
0x22, 0x26, 0x35, 0x34, 0x37, 0x26, 0x26, 0x35, 0x34, 0x36, 
0x33, 0x32, 0x16, 0x15, 0x14, 0x06, 0x27, 0x22, 0x06, 0x15, 
0x14, 0x16, 0x33, 0x32, 0x36, 0x35, 0x34, 0x26, 0x07, 0x22, 
0x06, 0x15, 0x14, 0x16, 0x33, 0x32, 0x36, 0x35, 0x34, 0x26, 
0x01, 0x15, 0x23, 0x07, 0x36, 0x33, 0x32, 0x16, 0x15, 0x14, 
0x06, 0x23, 0x22, 0x2E, 0x02, 0x27, 0x33, 0x16, 0x33, 0x32, 
0x36, 0x35, 0x34, 0x26, 0x23, 0x22, 0x06, 0x07, 0x23, 0x37, 
0x25, 0x33, 0x01, 0x23, 0x03, 0x09, 0x4E, 0x55, 0x44, 0x43, 
0x56, 0x4E, 0x23, 0x1B, 0x4D, 0x3C, 0x3D, 0x4C, 0x1B, 0x6E, 
0x24, 0x2B, 0x2B, 0x24, 0x24, 0x2B, 0x2B, 0x24, 0x2B, 0x34, 
0x34, 0x2A, 0x2C, 0x34, 0x34, 0xFE, 0x59, 0xBE, 0x12, 0x26, 
0x2E, 0x42, 0x52, 0x58, 0x45, 0x31, 0x3A, 0x1E, 0x0C, 0x02, 
0x38, 0x15, 0x49, 0x2F, 0x35, 0x36, 0x2E, 0x1B, 0x25, 0x14, 
0x34, 0x22, 0x02, 0x33, 0x3E, 0xFE, 0x32, 0x3E, 0xE2, 0x22, 
0x48, 0x3A, 0x49, 0x4A, 0x3A, 0x47, 0x22, 0x14, 0x27, 0x1E, 
0x32, 0x3F, 0x3F, 0x32, 0x1F, 0x26, 0x87, 0x24, 0x1F, 0x1E, 
0x25, 0x25, 0x1D, 0x20, 0x24, 0xB2, 0x2E, 0x25, 0x25, 0x2F, 
0x2E, 0x26, 0x25, 0x2E, 0x02, 0x0B, 0x34, 0x77, 0x1A, 0x4F, 
0x3F, 0x43, 0x55, 0x1E, 0x2A, 0x26, 0x08, 0x47, 0x34, 0x2E, 
0x2F, 0x37, 0x11, 0x17, 0xE8, 0x03, 0xFD, 0x13, 0x00, 0x05, 
0x00, 0x34, 0xFF, 0xEC, 0x03, 0x4D, 0x02, 0xD9, 0x00, 0x0B, 
0x00, 0x21, 0x00, 0x2D, 0x00, 0x39, 0x00, 0x3D, 0x00, 0x00, 
0x01, 0x15, 0x06, 0x06, 0x07, 0x23, 0x3E, 0x02, 0x37, 0x23, 
0x35, 0x01, 0x16, 0x15, 0x14, 0x06, 0x23, 0x22, 0x26, 0x35, 
0x34, 0x37, 0x26, 0x26, 0x35, 0x34, 0x36, 0x33, 0x32, 0x16, 
0x15, 0x14, 0x06, 0x27, 0x22, 0x06, 0x15, 0x14, 0x16, 0x33, 
0x32, 0x36, 0x35, 0x34, 0x26, 0x07, 0x22, 0x06, 0x15, 0x14, 
0x16, 0x33, 0x32, 0x36, 0x35, 0x34, 0x26, 0x03, 0x33, 0x01, 
0x23, 0x01, 0x65, 0x4D, 0x59, 0x13, 0x3D, 0x11, 0x2E, 0x47, 
0x36, 0xF7, 0x02, 0xCB, 0x4E, 0x55, 0x44, 0x43, 0x56, 0x4E, 
0x23, 0x1B, 0x4D, 0x3C, 0x3D, 0x4C, 0x1B, 0x6E, 0x24, 0x2B, 
0x2B, 0x24, 0x24, 0x2B, 0x2B, 0x24, 0x2B, 0x34, 0x34, 0x2A, 
0x2C, 0x34, 0x34, 0x7E, 0x3E, 0xFE, 0x32, 0x3E, 0x02, 0xD6, 
0x2C, 0x60, 0xB7, 0x66, 0x46, 0x72, 0x75, 0x48, 0x34, 0xFE, 
0x08, 0x22, 0x48, 0x3A, 0x49, 0x4A, 0x3A, 0x47, 0x22, 0x14, 
0x27, 0x1E, 0x32, 0x3F, 0x3F, 0x32, 0x1F, 0x26, 0x87, 0x24, 
0x1F, 0x1E, 0x25, 0x25, 0x1D, 0x20, 0x24, 0xB2, 0x2E, 0x25, 
0x25, 0x2F, 0x2E, 0x26, 0x25, 0x2E, 0x02, 0x12, 0xFD, 0x13, 
0x00, 0x01, 0x00, 0x12, 0x00, 0x00, 0x01, 0xDB, 0x02, 0xDC, 
0x00, 0x29, 0x00, 0x00, 0x01, 0x15, 0x23, 0x11, 0x23, 0x11, 
0x23, 0x11, 0x23, 0x11, 0x23, 0x35, 0x33, 0x35, 0x34, 0x36, 
0x33, 0x32, 0x16, 0x17, 0x15, 0x26, 0x22, 0x23, 0x22, 0x15, 
0x15, 0x33, 0x35, 0x34, 0x36, 0x33, 0x32, 0x16, 0x17, 0x15, 
0x26, 0x22, 0x23, 0x22, 0x15, 0x15, 0x01, 0xDB, 0x57, 0x53, 
0x86, 0x53, 0x46, 0x46, 0x41, 0x3A, 0x0D, 0x14, 0x0E, 0x0E, 
0x0A, 0x05, 0x3A, 0x86, 0x41, 0x3A, 0x0D, 0x14, 0x0E, 0x0E, 
0x0A, 0x05, 0x3A, 0x02, 0x0C, 0x44, 0xFE, 0x38, 0x01, 0xC8, 
0xFE, 0x38, 0x01, 0xC8, 0x44, 0x59, 0x38, 0x3F, 0x02, 0x03, 
0x45, 0x01, 0x35, 0x52, 0x59, 0x38, 0x3F, 0x02, 0x03, 0x45, 
0x01, 0x35, 0x52, 0x00, 0x00, 0x01, 0x00, 0x0C, 0x00, 0x00, 
0x01, 0x84, 0x02, 0xDC, 0x00, 0x1B, 0x00, 0x00, 0x01, 0x11, 
0x23, 0x11, 0x23, 0x11, 0x23, 0x11, 0x23, 0x35, 0x33, 0x35, 
0x34, 0x36, 0x33, 0x33, 0x15, 0x23, 0x2E, 0x03, 0x23, 0x22, 
0x15, 0x15, 0x33, 0x33, 0x01, 0x84, 0x53, 0x8C, 0x53, 0x46, 
0x46, 0x41, 0x3A, 0xB3, 0x45, 0x01, 0x19, 0x20, 0x1C, 0x06, 
0x3A, 0x8C, 0x08, 0x02, 0x0C, 0xFD, 0xF4, 0x01, 0xC8, 0xFE, 
0x38, 0x01, 0xC8, 0x44, 0x59, 0x38, 0x3F, 0x66, 0x05, 0x0A, 
0x08, 0x06, 0x35, 0x52, 0x00, 0x02, 0x00, 0x12, 0x00, 0x00, 
0x01, 0x8B, 0x02, 0xDC, 0x00, 0x13, 0x00, 0x1C, 0x00, 0x00, 
0x01, 0x11, 0x23, 0x11, 0x23, 0x11, 0x23, 0x11, 0x23, 0x35, 
0x33, 0x35, 0x34, 0x36, 0x33, 0x32, 0x16, 0x16, 0x17, 0x35, 
0x15, 0x26, 0x22, 0x22, 0x23, 0x22, 0x15, 0x15, 0x33, 0x01, 
0x8B, 0x53, 0x8D, 0x53, 0x46, 0x46, 0x41, 0x3A, 0x09, 0x29, 
0x2A, 0x09, 0x09, 0x26, 0x20, 0x04, 0x3A, 0x8D, 0x02, 0xD9, 
0xFD, 0x27, 0x01, 0xC8, 0xFE, 0x38, 0x01, 0xC8, 0x44, 0x59, 
0x38, 0x3F, 0x01, 0x02, 0x02, 0x02, 0x47, 0x01, 0x35, 0x52, 
0x00, 0x01, 0x00, 0x12, 0x00, 0x00, 0x02, 0x44, 0x02, 0xDC, 
0x00, 0x2F, 0x00, 0x00, 0x01, 0x15, 0x23, 0x35, 0x26, 0x22, 
0x23, 0x22, 0x15, 0x15, 0x33, 0x11, 0x23, 0x11, 0x23, 0x11, 
0x23, 0x11, 0x23, 0x11, 0x23, 0x11, 0x23, 0x35, 0x33, 0x35, 
0x34, 0x36, 0x33, 0x32, 0x16, 0x17, 0x15, 0x26, 0x22, 0x23, 
0x22, 0x15, 0x15, 0x33, 0x35, 0x34, 0x36, 0x33, 0x32, 0x16, 
0x16, 0x17, 0x02, 0x44, 0x53, 0x10, 0x2B, 0x05, 0x3A, 0xCD, 
0x53, 0x7A, 0x53, 0x79, 0x53, 0x46, 0x46, 0x41, 0x3A, 0x0D, 
0x14, 0x0E, 0x0E, 0x0A, 0x05, 0x3A, 0x79, 0x41, 0x3A, 0x09, 
0x24, 0x25, 0x08, 0x02, 0xD9, 0x69, 0x22, 0x01, 0x35, 0x52, 
0xFD, 0xF4, 0x01, 0xC8, 0xFE, 0x38, 0x01, 0xC8, 0xFE, 0x38, 
0x01, 0xC8, 0x44, 0x59, 0x38, 0x3F, 0x02, 0x03, 0x45, 0x01, 
0x35, 0x52, 0x59, 0x38, 0x3F, 0x01, 0x01, 0x01, 0x00, 0x02, 
0x00, 0x12, 0x00, 0x00, 0x02, 0x3F, 0x02, 0xDC, 0x00, 0x24, 
0x00, 0x2C, 0x00, 0x00, 0x01, 0x11, 0x23, 0x11, 0x23, 0x11, 
0x23, 0x11, 0x23, 0x11, 0x23, 0x11, 0x23, 0x35, 0x33, 0x35, 
0x34, 0x36, 0x33, 0x32, 0x16, 0x17, 0x15, 0x26, 0x22, 0x23, 
0x22, 0x15, 0x15, 0x33, 0x35, 0x34, 0x36, 0x33, 0x32, 0x16, 
0x33, 0x15, 0x35, 0x22, 0x26, 0x23, 0x22, 0x15, 0x15, 0x02, 
0x3F, 0x53, 0x75, 0x53, 0x79, 0x53, 0x46, 0x46, 0x41, 0x3A, 
0x0D, 0x14, 0x0E, 0x0E, 0x0A, 0x05, 0x3A, 0x79, 0x41, 0x3A, 
0x0D, 0x1F, 0x21, 0x11, 0x26, 0x04, 0x3A, 0x02, 0xD9, 0xFD, 
0x27, 0x01, 0xC8, 0xFE, 0x38, 0x01, 0xC8, 0xFE, 0x38, 0x01, 
0xC8, 0x44, 0x59, 0x38, 0x3F, 0x02, 0x03, 0x45, 0x01, 0x35, 
0x52, 0x59, 0x38, 0x3F, 0x03, 0xCD, 0x86, 0x01, 0x35, 0x52, 
0x00, 0x02, 0x00, 0xFA, 0x00, 0x00, 0x02, 0xAA, 0x02, 0xE5, 
0x00, 0x1C, 0x00, 0x20, 0x00, 0x00, 0x01, 0x14, 0x0E, 0x03, 
0x15, 0x15, 0x23, 0x35, 0x34, 0x3E, 0x03, 0x35, 0x34, 0x26, 
0x23, 0x22, 0x06, 0x06, 0x15, 0x23, 0x34, 0x36, 0x33, 0x32, 
0x16, 0x03, 0x15, 0x23, 0x35, 0x02, 0xAA, 0x24, 0x35, 0x36, 
0x24, 0x5A, 0x24, 0x35, 0x36, 0x24, 0x46, 0x3A, 0x34, 0x38, 
0x15, 0x55, 0x6F, 0x6C, 0x62, 0x73, 0xB3, 0x5A, 0x02, 0x25, 
0x31, 0x45, 0x33, 0x2E, 0x34, 0x24, 0x2F, 0x37, 0x29, 0x3C, 
0x32, 0x31, 0x39, 0x26, 0x33, 0x3F, 0x29, 0x46, 0x2D, 0x74, 
0x76, 0x68, 0xFD, 0xEB, 0x68, 0x68, 0x00, 0x02, 0x00, 0xF4, 
0x00, 0x00, 0x01, 0x48, 0x02, 0xD9, 0x00, 0x05, 0x00, 0x09, 
0x00, 0x00, 0x01, 0x11, 0x07, 0x23, 0x27, 0x11, 0x13, 0x15, 
0x23, 0x35, 0x01, 0x48, 0x16, 0x27, 0x16, 0x53, 0x54, 0x02, 
0xD9, 0xFE, 0xAE, 0xDF, 0xDF, 0x01, 0x52, 0xFD, 0x8F, 0x68, 
0x68, 0x00, 0x00, 0x00, 0x00, 0x00, 0x00, 0x07, 0x00, 0x5A, 
0x00, 0x03, 0x00, 0x01, 0x04, 0x09, 0x00, 0x00, 0x00, 0x9A, 
0x00, 0x00, 0x00, 0x03, 0x00, 0x01, 0x04, 0x09, 0x00, 0x01, 
0x00, 0x10, 0x00, 0x9A, 0x00, 0x03, 0x00, 0x01, 0x04, 0x09, 
0x00, 0x02, 0x00, 0x0E, 0x00, 0xAA, 0x00, 0x03, 0x00, 0x01, 
0x04, 0x09, 0x00, 0x03, 0x00, 0x34, 0x00, 0xB8, 0x00, 0x03, 
0x00, 0x01, 0x04, 0x09, 0x00, 0x04, 0x00, 0x10, 0x00, 0x9A, 
0x00, 0x03, 0x00, 0x01, 0x04, 0x09, 0x00, 0x05, 0x00, 0x24, 
0x00, 0xEC, 0x00, 0x03, 0x00, 0x01, 0x04, 0x09, 0x00, 0x06, 
0x00, 0x10, 0x00, 0x9A, 0x00, 0x43, 0x00, 0x6F, 0x00, 0x70, 
0x00, 0x79, 0x00, 0x72, 0x00, 0x69, 0x00, 0x67, 0x00, 0x68, 
0x00, 0x74, 0x00, 0x20, 0x00, 0x32, 0x00, 0x30, 0x00, 0x30, 
0x00, 0x32, 0x00, 0x2C, 0x00, 0x20, 0x00, 0x32, 0x00, 0x30, 
0x00, 0x30, 0x00, 0x33, 0x00, 0x2C, 0x00, 0x20, 0x00, 0x32, 
0x00, 0x30, 0x00, 0x30, 0x00, 0x35, 0x00, 0x2C, 0x00, 0x20, 
0x00, 0x32, 0x00, 0x30, 0x00, 0x30, 0x00, 0x38, 0x00, 0x2C, 
0x00, 0x20, 0x00, 0x32, 0x00, 0x30, 0x00, 0x30, 0x00, 0x39, 
0x00, 0x2C, 0x00, 0x20, 0x00, 0x32, 0x00, 0x30, 0x00, 0x31, 
0x00, 0x30, 0x00, 0x2C, 0x00, 0x20, 0x00, 0x32, 0x00, 0x30, 
0x00, 0x31, 0x00, 0x32, 0x00, 0x20, 0x00, 0x47, 0x00, 0x4E, 
0x00, 0x55, 0x00, 0x20, 0x00, 0x46, 0x00, 0x72, 0x00, 0x65, 
0x00, 0x65, 0x00, 0x66, 0x00, 0x6F, 0x00, 0x6E, 0x00, 0x74, 
0x00, 0x20, 0x00, 0x63, 0x00, 0x6F, 0x00, 0x6E, 0x00, 0x74, 
0x00, 0x72, 0x00, 0x69, 0x00, 0x62, 0x00, 0x75, 0x00, 0x74, 
0x00, 0x6F, 0x00, 0x72, 0x00, 0x73, 0x00, 0x2E, 0x00, 0x46, 
0x00, 0x72, 0x00, 0x65, 0x00, 0x65, 0x00, 0x53, 0x00, 0x61, 
0x00, 0x6E, 0x00, 0x73, 0x00, 0x52, 0x00, 0x65, 0x00, 0x67, 
0x00, 0x75, 0x00, 0x6C, 0x00, 0x61, 0x00, 0x72, 0x00, 0x47, 
0x00, 0x4E, 0x00, 0x55, 0x00, 0x3A, 0x00, 0x20, 0x00, 0x46, 
0x00, 0x72, 0x00, 0x65, 0x00, 0x65, 0x00, 0x53, 0x00, 0x61, 
0x00, 0x6E, 0x00, 0x73, 0x00, 0x20, 0x00, 0x4E, 0x00, 0x6F, 
0x00, 0x72, 0x00, 0x6D, 0x00, 0x61, 0x00, 0x6C, 0x00, 0x3A, 
0x00, 0x20, 0x00, 0x32, 0x00, 0x30, 0x00, 0x31, 0x00, 0x32, 
0x00, 0x56, 0x00, 0x65, 0x00, 0x72, 0x00, 0x73, 0x00, 0x69, 
0x00, 0x6F, 0x00, 0x6E, 0x00, 0x20, 0x00, 0x30, 0x00, 0x34, 
0x00, 0x31, 0x00, 0x32, 0x00, 0x2E, 0x00, 0x32, 0x00, 0x32, 
0x00, 0x36, 0x00, 0x38, 0x00, 0x20, 0x00, 0x00, 0x00, 0x02, 
0x00, 0x00, 0x00, 0x00, 0x00, 0x00, 0xFF, 0x50, 0x00, 0x32, 
0x00, 0x00, 0x00, 0x00, 0x00, 0x00, 0x00, 0x00, 0x00, 0x00, 
0x00, 0x00, 0x00, 0x00, 0x00, 0x00, 0x00, 0x00, 0x00, 0x00, 
0x00, 0xED, 0x00, 0x00, 0x00, 0x03, 0x00, 0x04, 0x00, 0x05, 
0x00, 0x06, 0x00, 0x07, 0x00, 0x08, 0x00, 0x09, 0x00, 0x0A, 
0x00, 0x0B, 0x00, 0x0C, 0x00, 0x0D, 0x00, 0x0E, 0x00, 0x0F, 
0x00, 0x10, 0x00, 0x11, 0x00, 0x12, 0x00, 0x13, 0x00, 0x14, 
0x00, 0x15, 0x00, 0x16, 0x00, 0x17, 0x00, 0x18, 0x00, 0x19, 
0x00, 0x1A, 0x00, 0x1B, 0x00, 0x1C, 0x00, 0x1D, 0x00, 0x1E, 
0x00, 0x1F, 0x00, 0x20, 0x00, 0x21, 0x00, 0x22, 0x00, 0x23, 
0x00, 0x24, 0x00, 0x25, 0x00, 0x26, 0x00, 0x27, 0x00, 0x28, 
0x00, 0x29, 0x00, 0x2A, 0x00, 0x2B, 0x00, 0x2C, 0x00, 0x2D, 
0x00, 0x2E, 0x00, 0x2F, 0x00, 0x30, 0x00, 0x31, 0x00, 0x32, 
0x00, 0x33, 0x00, 0x34, 0x00, 0x35, 0x00, 0x36, 0x00, 0x37, 
0x00, 0x38, 0x00, 0x39, 0x00, 0x3A, 0x00, 0x3B, 0x00, 0x3C, 
0x00, 0x3D, 0x00, 0x3E, 0x00, 0x3F, 0x00, 0x40, 0x00, 0x41, 
0x00, 0x42, 0x00, 0x43, 0x00, 0x44, 0x00, 0x45, 0x00, 0x46, 
0x00, 0x47, 0x00, 0x48, 0x00, 0x49, 0x00, 0x4A, 0x00, 0x4B, 
0x00, 0x4C, 0x00, 0x4D, 0x00, 0x4E, 0x00, 0x4F, 0x00, 0x50, 
0x00, 0x51, 0x00, 0x52, 0x00, 0x53, 0x00, 0x54, 0x00, 0x55, 
0x00, 0x56, 0x00, 0x57, 0x00, 0x58, 0x00, 0x59, 0x00, 0x5A, 
0x00, 0x5B, 0x00, 0x5C, 0x00, 0x5D, 0x00, 0x5E, 0x00, 0x5F, 
0x00, 0x60, 0x00, 0x61, 0x00, 0xAC, 0x00, 0xA3, 0x00, 0x84, 
0x00, 0x85, 0x00, 0xBD, 0x00, 0x96, 0x00, 0xE8, 0x00, 0x86, 
0x00, 0x8E, 0x00, 0x8B, 0x00, 0x9D, 0x00, 0xA9, 0x00, 0xA4, 
0x01, 0x02, 0x00, 0x8A, 0x00, 0xDA, 0x00, 0x83, 0x00, 0x93, 
0x00, 0xF2, 0x00, 0xF3, 0x00, 0x8D, 0x01, 0x03, 0x00, 0x88, 
0x01, 0x04, 0x00, 0xDE, 0x00, 0xF1, 0x00, 0x9E, 0x00, 0xAA, 
0x00, 0xF5, 0x00, 0xF4, 0x00, 0xF6, 0x00, 0xA2, 0x00, 0xAD, 
0x00, 0xC9, 0x00, 0xC7, 0x00, 0xAE, 0x00, 0x62, 0x00, 0x63, 
0x00, 0x90, 0x00, 0x64, 0x00, 0xCB, 0x00, 0x65, 0x00, 0xC8, 
0x00, 0xCA, 0x00, 0xCF, 0x00, 0xCC, 0x00, 0xCD, 0x00, 0xCE, 
0x00, 0xE9, 0x00, 0x66, 0x00, 0xD3, 0x00, 0xD0, 0x00, 0xD1, 
0x00, 0xAF, 0x00, 0x67, 0x00, 0xF0, 0x00, 0x91, 0x00, 0xD6, 
0x00, 0xD4, 0x00, 0xD5, 0x00, 0x68, 0x00, 0xEB, 0x00, 0xED, 
0x01, 0x05, 0x00, 0x6A, 0x00, 0x69, 0x00, 0x6B, 0x00, 0x6D, 
0x00, 0x6C, 0x00, 0x6E, 0x00, 0xA0, 0x00, 0x6F, 0x00, 0x71, 
0x00, 0x70, 0x00, 0x72, 0x00, 0x73, 0x00, 0x75, 0x00, 0x74, 
0x00, 0x76, 0x00, 0x77, 0x00, 0xEA, 0x00, 0x78, 0x00, 0x7A, 
0x00, 0x79, 0x00, 0x7B, 0x00, 0x7D, 0x00, 0x7C, 0x00, 0xB8, 
0x00, 0xA1, 0x00, 0x7F, 0x00, 0x7E, 0x00, 0x80, 0x00, 0x81, 
0x00, 0xEC, 0x00, 0xEE, 0x00, 0xBA, 0x01, 0x06, 0x01, 0x07, 
0x01, 0x08, 0x01, 0x09, 0x00, 0xB0, 0x00, 0xB1, 0x00, 0xE4, 
0x00, 0xE5, 0x00, 0xBB, 0x00, 0xE6, 0x00, 0xE7, 0x00, 0xA6, 
0x00, 0xD8, 0x00, 0xD9, 0x00, 0xB2, 0x00, 0xB3, 0x00, 0xB6, 
0x00, 0xB7, 0x00, 0xC4, 0x00, 0xB4, 0x00, 0xB5, 0x00, 0xC5, 
0x00, 0x82, 0x00, 0xC2, 0x00, 0x87, 0x00, 0xAB, 0x00, 0xC6, 
0x00, 0xBE, 0x00, 0xBF, 0x01, 0x0A, 0x00, 0x8C, 0x01, 0x0B, 
0x01, 0x0C, 0x01, 0x0D, 0x01, 0x0E, 0x01, 0x0F, 0x01, 0x10, 
0x01, 0x11, 0x01, 0x12, 0x00, 0xC0, 0x00, 0xC1, 0x01, 0x13, 
0x01, 0x14, 0x01, 0x15, 0x01, 0x16, 0x0A, 0x73, 0x6F, 0x66, 
0x74, 0x68, 0x79, 0x70, 0x68, 0x65, 0x6E, 0x05, 0x6D, 0x69, 
0x63, 0x72, 0x6F, 0x06, 0x6D, 0x69, 0x64, 0x64, 0x6F, 0x74, 
0x06, 0x73, 0x73, 0x68, 0x61, 0x72, 0x70, 0x02, 0x49, 0x4A, 
0x02, 0x69, 0x6A, 0x04, 0x4C, 0x64, 0x6F, 0x74, 0x04, 0x6C, 
0x64, 0x6F, 0x74, 0x04, 0x45, 0x75, 0x72, 0x6F, 0x07, 0x75, 
0x6E, 0x69, 0x32, 0x31, 0x35, 0x36, 0x07, 0x75, 0x6E, 0x69, 
0x32, 0x31, 0x35, 0x37, 0x07, 0x75, 0x6E, 0x69, 0x32, 0x31, 
0x35, 0x38, 0x07, 0x75, 0x6E, 0x69, 0x32, 0x31, 0x35, 0x41, 
0x0C, 0x74, 0x68, 0x72, 0x65, 0x65, 0x65, 0x69, 0x67, 0x68, 
0x74, 0x68, 0x73, 0x0B, 0x66, 0x69, 0x76, 0x65, 0x65, 0x69, 
0x67, 0x68, 0x74, 0x68, 0x73, 0x0C, 0x73, 0x65, 0x76, 0x65, 
0x6E, 0x65, 0x69, 0x67, 0x68, 0x74, 0x68, 0x73, 0x02, 0x66, 
0x66, 0x03, 0x66, 0x66, 0x69, 0x03, 0x66, 0x66, 0x6C, 0x0E, 
0x69, 0x6E, 0x64, 0x69, 0x63, 0x5F, 0x71, 0x75, 0x65, 0x73, 
0x74, 0x69, 0x6F, 0x6E, 0x0C, 0x69, 0x6E, 0x64, 0x69, 0x63, 
0x5F, 0x65, 0x78, 0x63, 0x6C, 0x61, 0x6D, 0x00, 0x00, 0x00, 
0x00, 0x01, 0x00, 0x00, 0x00, 0x0C, 0x00, 0x00, 0x00, 0x00, 
0x00, 0x00, 0x00, 0x02, 0x00, 0x19, 0x00, 0x01, 0x00, 0x81, 
0x00, 0x01, 0x00, 0x82, 0x00, 0x82, 0x00, 0x02, 0x00, 0x83, 
0x00, 0x89, 0x00, 0x01, 0x00, 0x8A, 0x00, 0x8A, 0x00, 0x02, 
0x00, 0x8B, 0x00, 0x8D, 0x00, 0x01, 0x00, 0x8E, 0x00, 0x8E, 
0x00, 0x02, 0x00, 0x8F, 0x00, 0x93, 0x00, 0x01, 0x00, 0x94, 
0x00, 0x94, 0x00, 0x02, 0x00, 0x95, 0x00, 0x9A, 0x00, 0x01, 
0x00, 0x9B, 0x00, 0x9B, 0x00, 0x02, 0x00, 0x9C, 0x00, 0xA1, 
0x00, 0x01, 0x00, 0xA2, 0x00, 0xA2, 0x00, 0x02, 0x00, 0xA3, 
0x00, 0xA9, 0x00, 0x01, 0x00, 0xAA, 0x00, 0xAA, 0x00, 0x02, 
0x00, 0xAB, 0x00, 0xAB, 0x00, 0x01, 0x00, 0xAC, 0x00, 0xAF, 
0x00, 0x02, 0x00, 0xB0, 0x00, 0xB3, 0x00, 0x01, 0x00, 0xB4, 
0x00, 0xB4, 0x00, 0x02, 0x00, 0xB5, 0x00, 0xBA, 0x00, 0x01, 
0x00, 0xBB, 0x00, 0xBB, 0x00, 0x02, 0x00, 0xBC, 0x00, 0xBF, 
0x00, 0x01, 0x00, 0xC0, 0x00, 0xC3, 0x00, 0x02, 0x00, 0xC4, 
0x00, 0xDE, 0x00, 0x01, 0x00, 0xDF, 0x00, 0xEA, 0x00, 0x02, 
0x00, 0xEB, 0x00, 0xEC, 0x00, 0x01, 0x00, 0x00, 0x00, 0x01, 
0x00, 0x00, 0x00, 0x0A, 0x00, 0x1C, 0x00, 0x1E, 0x00, 0x01, 
0x44, 0x46, 0x4C, 0x54, 0x00, 0x08, 0x00, 0x04, 0x00, 0x00, 
0x00, 0x00, 0xFF, 0xFF, 0x00, 0x00, 0x00, 0x00, 0x00, 0x00, 
0x00, 0x01, 0x00, 0x00, 0x00, 0x0A, 0x00, 0xDA, 0x01, 0x18, 
0x00, 0x17, 0x44, 0x46, 0x4C, 0x54, 0x00, 0x8C, 0x61, 0x72, 
0x6D, 0x6E, 0x00, 0xCC, 0x62, 0x65, 0x6E, 0x67, 0x00, 0xCC, 
0x62, 0x6E, 0x67, 0x32, 0x00, 0xCC, 0x63, 0x79, 0x72, 0x6C, 
0x00, 0xCC, 0x64, 0x65, 0x76, 0x32, 0x00, 0x98, 0x64, 0x65, 
0x76, 0x61, 0x00, 0x98, 0x67, 0x65, 0x6F, 0x72, 0x00, 0xCC, 
0x67, 0x6A, 0x72, 0x32, 0x00, 0xCC, 0x67, 0x72, 0x65, 0x6B, 
0x00, 0xCC, 0x67, 0x75, 0x6A, 0x72, 0x00, 0xCC, 0x67, 0x75, 
0x72, 0x32, 0x00, 0xCC, 0x67, 0x75, 0x72, 0x75, 0x00, 0xCC, 
0x68, 0x65, 0x62, 0x72, 0x00, 0xCC, 0x6C, 0x61, 0x74, 0x6E, 
0x00, 0xA4, 0x6D, 0x6C, 0x6D, 0x32, 0x00, 0xCC, 0x6D, 0x6C, 
0x79, 0x32, 0x00, 0xCC, 0x6D, 0x6C, 0x79, 0x6D, 0x00, 0xCC, 
0x70, 0x68, 0x6E, 0x78, 0x00, 0xCC, 0x73, 0x79, 0x72, 0x63, 
0x00, 0xCC, 0x74, 0x6D, 0x6C, 0x32, 0x00, 0xCC, 0x75, 0x67, 
0x61, 0x72, 0x00, 0xCC, 0x78, 0x70, 0x65, 0x6F, 0x00, 0xCC, 
0x00, 0x04, 0x00, 0x00, 0x00, 0x00, 0xFF, 0xFF, 0x00, 0x01, 
0x00, 0x00, 0x00, 0x04, 0x00, 0x00, 0x00, 0x00, 0xFF, 0xFF, 
0x00, 0x01, 0x00, 0x04, 0x00, 0x10, 0x00, 0x02, 0x43, 0x41, 
0x54, 0x20, 0x00, 0x18, 0x4E, 0x4C, 0x44, 0x20, 0x00, 0x20, 
0x00, 0x00, 0xFF, 0xFF, 0x00, 0x01, 0x00, 0x01, 0x00, 0x00, 
0xFF, 0xFF, 0x00, 0x01, 0x00, 0x02, 0x00, 0x00, 0xFF, 0xFF, 
0x00, 0x01, 0x00, 0x03, 0x00, 0x00, 0x00, 0x00, 0x00, 0x05, 
0x66, 0x72, 0x61, 0x63, 0x00, 0x20, 0x6C, 0x69, 0x67, 0x61, 
0x00, 0x26, 0x6C, 0x69, 0x67, 0x61, 0x00, 0x2C, 0x6C, 0x69, 
0x67, 0x61, 0x00, 0x32, 0x6C, 0x6F, 0x63, 0x6C, 0x00, 0x38, 
0x00, 0x00, 0x00, 0x01, 0x00, 0x03, 0x00, 0x00, 0x00, 0x01, 
0x00, 0x02, 0x00, 0x00, 0x00, 0x01, 0x00, 0x00, 0x00, 0x00, 
0x00, 0x01, 0x00, 0x01, 0x00, 0x00, 0x00, 0x01, 0x00, 0x04, 
0x00, 0x05, 0x00, 0x0C, 0x00, 0x3A, 0x00, 0x68, 0x00, 0xAC, 
0x01, 0x22, 0x00, 0x04, 0x00, 0x00, 0x00, 0x01, 0x00, 0x08, 
0x00, 0x01, 0x00, 0x1E, 0x00, 0x02, 0x00, 0x0A, 0x00, 0x14, 
0x00, 0x01, 0x00, 0x04, 0x00, 0xC2, 0x00, 0x02, 0x00, 0x77, 
0x00, 0x01, 0x00, 0x04, 0x00, 0xC3, 0x00, 0x02, 0x00, 0x77, 
0x00, 0x01, 0x00, 0x02, 0x00, 0x2D, 0x00, 0x4D, 0x00, 0x04, 
0x00, 0x00, 0x00, 0x01, 0x00, 0x08, 0x00, 0x01, 0x00, 0x1E, 
0x00, 0x02, 0x00, 0x0A, 0x00, 0x14, 0x00, 0x01, 0x00, 0x04, 
0x00, 0xC0, 0x00, 0x02, 0x00, 0x2B, 0x00, 0x01, 0x00, 0x04, 
0x00, 0xC1, 0x00, 0x02, 0x00, 0x4B, 0x00, 0x01, 0x00, 0x02, 
0x00, 0x2A, 0x00, 0x4A, 0x00, 0x04, 0x00, 0x00, 0x00, 0x01, 
0x00, 0x08, 0x00, 0x01, 0x00, 0x36, 0x00, 0x01, 0x00, 0x08, 
0x00, 0x05, 0x00, 0x0C, 0x00, 0x14, 0x00, 0x1C, 0x00, 0x22, 
0x00, 0x28, 0x00, 0xEA, 0x00, 0x03, 0x00, 0x47, 0x00, 0x4D, 
0x00, 0xE9, 0x00, 0x03, 0x00, 0x47, 0x00, 0x4A, 0x00, 0xE8, 
0x00, 0x02, 0x00, 0x4D, 0x00, 0xE7, 0x00, 0x02, 0x00, 0x4A, 
0x00, 0xE6, 0x00, 0x02, 0x00, 0x47, 0x00, 0x01, 0x00, 0x01, 
0x00, 0x47, 0x00, 0x04, 0x00, 0x08, 0x00, 0x01, 0x00, 0x08, 
0x00, 0x01, 0x00, 0x60, 0x00, 0x05, 0x00, 0x10, 0x00, 0x1C, 
0x00, 0x32, 0x00, 0x3E, 0x00, 0x54, 0x00, 0x01, 0x00, 0x04, 
0x00, 0xDF, 0x00, 0x03, 0x00, 0x10, 0x00, 0x16, 0x00, 0x02, 
0x00, 0x06, 0x00, 0x0E, 0x00, 0xE3, 0x00, 0x03, 0x00, 0x10, 
0x00, 0x19, 0x00, 0xE0, 0x00, 0x03, 0x00, 0x10, 0x00, 0x16, 
0x00, 0x01, 0x00, 0x04, 0x00, 0xE1, 0x00, 0x03, 0x00, 0x10, 
0x00, 0x16, 0x00, 0x02, 0x00, 0x06, 0x00, 0x0E, 0x00, 0xE4, 
0x00, 0x03, 0x00, 0x10, 0x00, 0x19, 0x00, 0xE2, 0x00, 0x03, 
0x00, 0x10, 0x00, 0x17, 0x00, 0x01, 0x00, 0x04, 0x00, 0xE5, 
0x00, 0x03, 0x00, 0x10, 0x00, 0x19, 0x00, 0x01, 0x00, 0x05, 
0x00, 0x13, 0x00, 0x14, 0x00, 0x15, 0x00, 0x16, 0x00, 0x18, 
0x00, 0x01, 0x00, 0x00, 0x00, 0x01, 0x00, 0x08, 0x00, 0x02, 
0x00, 0x0A, 0x00, 0x02, 0x00, 0xEC, 0x00, 0xEB, 0x00, 0x01, 
0x00, 0x02, 0x00, 0x02, 0x00, 0x20, };

#endif